Time,       Acceleration
0,0.024686
1.95E-05,0.025473
3.91E-05,0.026188
5.86E-05,0.027211
7.81E-05,0.028205
9.77E-05,0.028688
0.000117,0.028304
0.000137,0.027253
0.000156,0.026218
0.000176,0.025905
0.000195,0.026444
0.000215,0.027198
0.000234,0.027692
0.000254,0.028426
0.000273,0.02928
0.000293,0.030823
0.000312,0.03188
0.000332,0.032177
0.000352,0.032127
0.000371,0.032071
0.000391,0.032253
0.00041,0.0322
0.00043,0.032228
0.000449,0.032735
0.000469,0.033452
0.000488,0.034314
0.000508,0.034418
0.000527,0.034224
0.000547,0.033638
0.000566,0.033395
0.000586,0.033319
0.000605,0.033417
0.000625,0.033429
0.000645,0.033634
0.000664,0.034384
0.000684,0.035332
0.000703,0.035911
0.000723,0.035881
0.000742,0.035768
0.000762,0.03618
0.000781,0.036448
0.000801,0.036672
0.00082,0.036852
0.00084,0.037282
0.000859,0.037947
0.000879,0.038828
0.000898,0.039448
0.000918,0.039706
0.000937,0.039969
0.000957,0.04026
0.000977,0.040558
0.000996,0.040241
0.001016,0.03935
0.001035,0.038559
0.001055,0.03839
0.001074,0.038716
0.001094,0.038745
0.001113,0.038264
0.001133,0.038083
0.001152,0.038533
0.001172,0.039084
0.001191,0.039057
0.001211,0.038517
0.00123,0.037895
0.00125,0.037763
0.00127,0.03796
0.001289,0.038006
0.001309,0.037989
0.001328,0.038078
0.001348,0.038506
0.001367,0.038953
0.001387,0.03903
0.001406,0.038816
0.001426,0.03833
0.001445,0.038164
0.001465,0.037896
0.001484,0.037425
0.001504,0.0363
0.001523,0.03521
0.001543,0.034599
0.001562,0.034579
0.001582,0.03448
0.001602,0.034099
0.001621,0.03342
0.001641,0.033128
0.00166,0.033406
0.00168,0.033509
0.001699,0.033479
0.001719,0.033297
0.001738,0.032971
0.001758,0.032447
0.001777,0.03147
0.001797,0.030143
0.001816,0.028975
0.001836,0.028827
0.001855,0.02941
0.001875,0.029868
0.001895,0.029915
0.001914,0.029733
0.001934,0.029805
0.001953,0.029436
0.001973,0.028276
0.001992,0.02645
0.002012,0.024867
0.002031,0.023544
0.002051,0.022443
0.00207,0.021262
0.00209,0.02063
0.002109,0.020573
0.002129,0.020966
0.002148,0.021164
0.002168,0.020829
0.002187,0.019815
0.002207,0.018816
0.002227,0.01798
0.002246,0.017059
0.002266,0.015925
0.002285,0.015176
0.002305,0.014576
0.002324,0.014387
0.002344,0.013869
0.002363,0.0132
0.002383,0.01207
0.002402,0.01133
0.002422,0.010333
0.002441,0.009262
0.002461,0.007963
0.00248,0.006582
0.0025,0.005152
0.00252,0.003906
0.002539,0.002862
0.002559,0.001746
0.002578,0.000349
0.002598,-0.000794
0.002617,-0.002075
0.002637,-0.003228
0.002656,-0.004517
0.002676,-0.005702
0.002695,-0.00683
0.002715,-0.007584
0.002734,-0.008058
0.002754,-0.008534
0.002773,-0.009309
0.002793,-0.009892
0.002812,-0.010487
0.002832,-0.011162
0.002852,-0.012458
0.002871,-0.014093
0.002891,-0.015849
0.00291,-0.01727
0.00293,-0.018405
0.002949,-0.019414
0.002969,-0.020424
0.002988,-0.021495
0.003008,-0.022681
0.003027,-0.023803
0.003047,-0.025094
0.003066,-0.026926
0.003086,-0.028668
0.003105,-0.030013
0.003125,-0.031286
0.003145,-0.032575
0.003164,-0.03372
0.003184,-0.03445
0.003203,-0.034923
0.003223,-0.035619
0.003242,-0.036115
0.003262,-0.036855
0.003281,-0.037685
0.003301,-0.038801
0.00332,-0.039715
0.00334,-0.040499
0.003359,-0.041207
0.003379,-0.04188
0.003398,-0.042734
0.003418,-0.043772
0.003437,-0.044894
0.003457,-0.046436
0.003477,-0.047275
0.003496,-0.048234
0.003516,-0.048708
0.003535,-0.049426
0.003555,-0.049974
0.003574,-0.0511
0.003594,-0.052328
0.003613,-0.053686
0.003633,-0.054721
0.003652,-0.055681
0.003672,-0.056383
0.003691,-0.056723
0.003711,-0.056953
0.00373,-0.056905
0.00375,-0.056485
0.00377,-0.056084
0.003789,-0.05578
0.003809,-0.055948
0.003828,-0.056342
0.003848,-0.057526
0.003867,-0.058832
0.003887,-0.060054
0.003906,-0.060935
0.003926,-0.061039
0.003945,-0.06094
0.003965,-0.060771
0.003984,-0.060612
0.004004,-0.060422
0.004023,-0.060239
0.004043,-0.060758
0.004062,-0.061406
0.004082,-0.061962
0.004102,-0.062492
0.004121,-0.063109
0.004141,-0.063836
0.00416,-0.063952
0.00418,-0.063604
0.004199,-0.063122
0.004219,-0.062678
0.004238,-0.062039
0.004258,-0.061352
0.004277,-0.060984
0.004297,-0.060982
0.004316,-0.060911
0.004336,-0.061138
0.004355,-0.061244
0.004375,-0.061254
0.004395,-0.061411
0.004414,-0.061507
0.004434,-0.061197
0.004453,-0.060746
0.004473,-0.060473
0.004492,-0.060617
0.004512,-0.060773
0.004531,-0.060888
0.004551,-0.06092
0.00457,-0.060951
0.00459,-0.060802
0.004609,-0.060144
0.004629,-0.059447
0.004648,-0.05898
0.004668,-0.05852
0.004687,-0.058165
0.004707,-0.057731
0.004727,-0.057528
0.004746,-0.057329
0.004766,-0.057092
0.004785,-0.056887
0.004805,-0.05639
0.004824,-0.055652
0.004844,-0.054799
0.004863,-0.054185
0.004883,-0.053759
0.004902,-0.053571
0.004922,-0.053393
0.004941,-0.053362
0.004961,-0.053668
0.00498,-0.054048
0.005,-0.05407
0.00502,-0.053558
0.005039,-0.052585
0.005059,-0.052073
0.005078,-0.051694
0.005098,-0.051492
0.005117,-0.051239
0.005137,-0.050879
0.005156,-0.0503
0.005176,-0.049667
0.005195,-0.048715
0.005215,-0.04798
0.005234,-0.047127
0.005254,-0.046509
0.005273,-0.046012
0.005293,-0.045617
0.005312,-0.044892
0.005332,-0.044126
0.005352,-0.042976
0.005371,-0.042454
0.005391,-0.042116
0.00541,-0.041509
0.00543,-0.040417
0.005449,-0.039455
0.005469,-0.039102
0.005488,-0.039032
0.005508,-0.038528
0.005527,-0.038079
0.005547,-0.037393
0.005566,-0.036527
0.005586,-0.035165
0.005605,-0.033574
0.005625,-0.031851
0.005645,-0.030462
0.005664,-0.029532
0.005684,-0.02879
0.005703,-0.028037
0.005723,-0.026954
0.005742,-0.026009
0.005762,-0.025187
0.005781,-0.023907
0.005801,-0.022132
0.00582,-0.020385
0.00584,-0.018739
0.005859,-0.017222
0.005879,-0.015783
0.005898,-0.014601
0.005918,-0.01387
0.005937,-0.013435
0.005957,-0.013358
0.005977,-0.013192
0.005996,-0.012621
0.006016,-0.011777
0.006035,-0.010542
0.006055,-0.009424
0.006074,-0.008124
0.006094,-0.006464
0.006113,-0.004595
0.006133,-0.003367
0.006152,-0.002668
0.006172,-0.002284
0.006191,-0.001674
0.006211,-0.000926
0.00623,-0.000236
0.00625,0.000341
0.00627,0.001162
0.006289,0.002702
0.006309,0.004163
0.006328,0.005529
0.006348,0.006241
0.006367,0.006916
0.006387,0.007643
0.006406,0.008688
0.006426,0.009437
0.006445,0.009591
0.006465,0.010121
0.006484,0.011109
0.006504,0.012324
0.006523,0.013305
0.006543,0.013996
0.006562,0.01462
0.006582,0.015548
0.006602,0.016541
0.006621,0.017227
0.006641,0.017959
0.00666,0.018847
0.00668,0.020265
0.006699,0.021984
0.006719,0.023396
0.006738,0.024108
0.006758,0.024725
0.006777,0.025596
0.006797,0.026256
0.006816,0.027021
0.006836,0.02798
0.006855,0.029046
0.006875,0.030184
0.006895,0.03127
0.006914,0.032304
0.006934,0.033223
0.006953,0.034072
0.006973,0.035147
0.006992,0.03636
0.007012,0.037546
0.007031,0.038228
0.007051,0.039067
0.00707,0.040124
0.00709,0.04146
0.007109,0.042751
0.007129,0.04397
0.007148,0.044961
0.007168,0.045845
0.007187,0.046903
0.007207,0.048056
0.007227,0.048971
0.007246,0.050224
0.007266,0.05146
0.007285,0.052798
0.007305,0.053614
0.007324,0.054181
0.007344,0.054597
0.007363,0.055074
0.007383,0.055946
0.007402,0.056771
0.007422,0.057391
0.007441,0.058116
0.007461,0.059083
0.00748,0.060061
0.0075,0.061148
0.00752,0.06189
0.007539,0.062435
0.007559,0.062878
0.007578,0.063457
0.007598,0.06391
0.007617,0.064277
0.007637,0.064792
0.007656,0.065584
0.007676,0.066734
0.007695,0.067886
0.007715,0.068631
0.007734,0.069431
0.007754,0.0701
0.007773,0.070704
0.007793,0.070765
0.007812,0.070498
0.007832,0.070039
0.007852,0.069758
0.007871,0.069991
0.007891,0.07069
0.00791,0.071227
0.00793,0.071941
0.007949,0.072792
0.007969,0.073655
0.007988,0.073953
0.008008,0.073797
0.008027,0.073386
0.008047,0.07297
0.008066,0.072479
0.008086,0.0723
0.008105,0.072402
0.008125,0.072621
0.008145,0.073225
0.008164,0.073958
0.008184,0.074849
0.008203,0.075304
0.008223,0.07534
0.008242,0.075071
0.008262,0.074754
0.008281,0.074326
0.008301,0.073819
0.00832,0.073244
0.00834,0.073025
0.008359,0.073215
0.008379,0.0732
0.008398,0.072963
0.008418,0.072536
0.008437,0.072301
0.008457,0.072114
0.008477,0.072154
0.008496,0.071875
0.008516,0.071816
0.008535,0.071741
0.008555,0.071363
0.008574,0.070903
0.008594,0.070312
0.008613,0.069818
0.008633,0.069322
0.008652,0.068805
0.008672,0.068182
0.008691,0.067528
0.008711,0.067019
0.00873,0.066545
0.00875,0.066141
0.00877,0.065589
0.008789,0.065108
0.008809,0.064324
0.008828,0.063351
0.008848,0.062241
0.008867,0.061185
0.008887,0.060262
0.008906,0.059511
0.008926,0.058549
0.008945,0.057793
0.008965,0.056656
0.008984,0.055557
0.009004,0.054639
0.009023,0.053716
0.009043,0.052834
0.009062,0.052065
0.009082,0.051039
0.009102,0.050014
0.009121,0.048939
0.009141,0.047702
0.00916,0.046423
0.00918,0.045141
0.009199,0.043902
0.009219,0.042531
0.009238,0.041088
0.009258,0.039622
0.009277,0.038251
0.009297,0.037141
0.009316,0.036139
0.009336,0.034938
0.009355,0.033732
0.009375,0.032704
0.009395,0.031417
0.009414,0.030008
0.009434,0.028553
0.009453,0.027122
0.009473,0.025623
0.009492,0.024182
0.009512,0.022784
0.009531,0.021702
0.009551,0.020769
0.00957,0.019872
0.00959,0.019105
0.009609,0.018082
0.009629,0.016677
0.009648,0.01502
0.009668,0.013234
0.009687,0.011641
0.009707,0.009879
0.009727,0.00812
0.009746,0.006627
0.009766,0.005618
0.009785,0.004821
0.009805,0.004046
0.009824,0.002952
0.009844,0.001715
0.009863,0.000108
0.009883,-0.00154
0.009902,-0.003496
0.009922,-0.005537
0.009941,-0.007343
0.009961,-0.008492
0.00998,-0.009278
0.01,-0.009903
0.01002,-0.010543
0.010039,-0.011214
0.010059,-0.01194
0.010078,-0.012955
0.010098,-0.014382
0.010117,-0.016091
0.010137,-0.017772
0.010156,-0.019111
0.010176,-0.020321
0.010195,-0.021508
0.010215,-0.022855
0.010234,-0.023986
0.010254,-0.02479
0.010273,-0.025535
0.010293,-0.026203
0.010312,-0.027232
0.010332,-0.028374
0.010352,-0.029595
0.010371,-0.030676
0.010391,-0.031826
0.01041,-0.033096
0.01043,-0.034238
0.010449,-0.035274
0.010469,-0.036123
0.010488,-0.036865
0.010508,-0.037993
0.010527,-0.03905
0.010547,-0.039451
0.010566,-0.039721
0.010586,-0.039932
0.010605,-0.040646
0.010625,-0.041516
0.010645,-0.04241
0.010664,-0.043228
0.010684,-0.044149
0.010703,-0.045244
0.010723,-0.046424
0.010742,-0.047444
0.010762,-0.048219
0.010781,-0.048795
0.010801,-0.049821
0.01082,-0.050552
0.01084,-0.051132
0.010859,-0.051618
0.010879,-0.052306
0.010898,-0.052919
0.010918,-0.053582
0.010937,-0.054287
0.010957,-0.054873
0.010977,-0.055386
0.010996,-0.056139
0.011016,-0.057049
0.011035,-0.057833
0.011055,-0.05835
0.011074,-0.058683
0.011094,-0.059323
0.011113,-0.059963
0.011133,-0.060258
0.011152,-0.060586
0.011172,-0.060914
0.011191,-0.061338
0.011211,-0.061731
0.01123,-0.061927
0.01125,-0.062096
0.01127,-0.062312
0.011289,-0.062862
0.011309,-0.063555
0.011328,-0.064081
0.011348,-0.064438
0.011367,-0.064809
0.011387,-0.064944
0.011406,-0.064821
0.011426,-0.064646
0.011445,-0.064275
0.011465,-0.063749
0.011484,-0.063677
0.011504,-0.06381
0.011523,-0.064111
0.011543,-0.064423
0.011562,-0.064865
0.011582,-0.065184
0.011602,-0.065424
0.011621,-0.065304
0.011641,-0.064841
0.01166,-0.064018
0.01168,-0.063547
0.011699,-0.063462
0.011719,-0.063582
0.011738,-0.063567
0.011758,-0.063994
0.011777,-0.06439
0.011797,-0.064681
0.011816,-0.0644
0.011836,-0.063705
0.011855,-0.062853
0.011875,-0.062445
0.011895,-0.061935
0.011914,-0.061372
0.011934,-0.060637
0.011953,-0.060243
0.011973,-0.060324
0.011992,-0.06051
0.012012,-0.060558
0.012031,-0.060211
0.012051,-0.059685
0.01207,-0.059173
0.01209,-0.058596
0.012109,-0.057715
0.012129,-0.056669
0.012148,-0.055898
0.012168,-0.055503
0.012187,-0.055142
0.012207,-0.054698
0.012227,-0.054171
0.012246,-0.053665
0.012266,-0.053534
0.012285,-0.053379
0.012305,-0.052995
0.012324,-0.052288
0.012344,-0.051256
0.012363,-0.050265
0.012383,-0.049321
0.012402,-0.048277
0.012422,-0.047203
0.012441,-0.046174
0.012461,-0.045418
0.01248,-0.044907
0.0125,-0.044172
0.01252,-0.043526
0.012539,-0.042738
0.012559,-0.042193
0.012578,-0.041569
0.012598,-0.040844
0.012617,-0.039843
0.012637,-0.038844
0.012656,-0.037691
0.012676,-0.036621
0.012695,-0.035631
0.012715,-0.03456
0.012734,-0.033322
0.012754,-0.032593
0.012773,-0.031926
0.012793,-0.031201
0.012812,-0.030201
0.012832,-0.029569
0.012852,-0.02895
0.012871,-0.028122
0.012891,-0.026932
0.01291,-0.025707
0.01293,-0.024474
0.012949,-0.023443
0.012969,-0.022219
0.012988,-0.021352
0.013008,-0.020056
0.013027,-0.019073
0.013047,-0.018253
0.013066,-0.017441
0.013086,-0.016303
0.013105,-0.015286
0.013125,-0.014436
0.013145,-0.013678
0.013164,-0.012865
0.013184,-0.012091
0.013203,-0.011389
0.013223,-0.010554
0.013242,-0.009619
0.013262,-0.008707
0.013281,-0.007516
0.013301,-0.00608
0.01332,-0.004603
0.01334,-0.003612
0.013359,-0.00291
0.013379,-0.002223
0.013398,-0.001758
0.013418,-0.001348
0.013437,-0.000759
0.013457,6.56E-05
0.013477,0.001097
0.013496,0.00225
0.013516,0.003685
0.013535,0.004959
0.013555,0.005712
0.013574,0.006499
0.013594,0.007402
0.013613,0.008039
0.013633,0.008599
0.013652,0.008903
0.013672,0.009422
0.013691,0.010307
0.013711,0.011478
0.01373,0.012838
0.01375,0.014031
0.01377,0.015141
0.013789,0.016067
0.013809,0.016934
0.013828,0.01758
0.013848,0.018152
0.013867,0.018704
0.013887,0.019521
0.013906,0.020362
0.013926,0.021324
0.013945,0.022211
0.013965,0.023132
0.013984,0.024252
0.014004,0.025258
0.014023,0.026272
0.014043,0.027053
0.014062,0.027662
0.014082,0.028053
0.014102,0.028448
0.014121,0.028909
0.014141,0.029459
0.01416,0.030263
0.01418,0.031284
0.014199,0.032176
0.014219,0.033318
0.014238,0.034305
0.014258,0.035278
0.014277,0.036207
0.014297,0.0369
0.014316,0.037514
0.014336,0.038175
0.014355,0.038763
0.014375,0.039127
0.014395,0.039582
0.014414,0.040304
0.014434,0.041106
0.014453,0.041753
0.014473,0.042605
0.014492,0.043366
0.014512,0.044141
0.014531,0.044926
0.014551,0.045768
0.01457,0.046385
0.01459,0.046845
0.014609,0.047245
0.014629,0.047519
0.014648,0.047884
0.014668,0.048101
0.014687,0.048331
0.014707,0.048938
0.014727,0.049544
0.014746,0.050258
0.014766,0.05104
0.014785,0.051744
0.014805,0.052597
0.014824,0.053105
0.014844,0.053432
0.014863,0.05352
0.014883,0.053584
0.014902,0.053795
0.014922,0.054013
0.014941,0.054157
0.014961,0.054702
0.01498,0.055057
0.015,0.055296
0.01502,0.055485
0.015039,0.055778
0.015059,0.05561
0.015078,0.055641
0.015098,0.055753
0.015117,0.056143
0.015137,0.05648
0.015156,0.056494
0.015176,0.056666
0.015195,0.056696
0.015215,0.056424
0.015234,0.05616
0.015254,0.055757
0.015273,0.055223
0.015293,0.054883
0.015312,0.054831
0.015332,0.054817
0.015352,0.054543
0.015371,0.05451
0.015391,0.054715
0.01541,0.054762
0.01543,0.054344
0.015449,0.053674
0.015469,0.052776
0.015488,0.051811
0.015508,0.051083
0.015527,0.050408
0.015547,0.049754
0.015566,0.049311
0.015586,0.048968
0.015605,0.048744
0.015625,0.048437
0.015645,0.047807
0.015664,0.047306
0.015684,0.046625
0.015703,0.045927
0.015723,0.045011
0.015742,0.04393
0.015762,0.042712
0.015781,0.041948
0.015801,0.041365
0.01582,0.040834
0.01584,0.040244
0.015859,0.039652
0.015879,0.038941
0.015898,0.038029
0.015918,0.037061
0.015937,0.035758
0.015957,0.034272
0.015977,0.033135
0.015996,0.032047
0.016016,0.030992
0.016035,0.02997
0.016055,0.029117
0.016074,0.028356
0.016094,0.027712
0.016113,0.026975
0.016133,0.025997
0.016152,0.024846
0.016172,0.023516
0.016191,0.022447
0.016211,0.021566
0.01623,0.020418
0.01625,0.019312
0.01627,0.018311
0.016289,0.017392
0.016309,0.016687
0.016328,0.015614
0.016348,0.014722
0.016367,0.013757
0.016387,0.012991
0.016406,0.012127
0.016426,0.011059
0.016445,0.009813
0.016465,0.008485
0.016484,0.007233
0.016504,0.006123
0.016523,0.0047
0.016543,0.003386
0.016562,0.002534
0.016582,0.001889
0.016602,0.001376
0.016621,0.00074
0.016641,-8.79E-05
0.01666,-0.000894
0.01668,-0.001793
0.016699,-0.00301
0.016719,-0.004393
0.016738,-0.005685
0.016758,-0.006637
0.016777,-0.00773
0.016797,-0.008504
0.016816,-0.009285
0.016836,-0.010015
0.016855,-0.010692
0.016875,-0.011577
0.016895,-0.012417
0.016914,-0.013458
0.016934,-0.014678
0.016953,-0.015671
0.016973,-0.016594
0.016992,-0.017476
0.017012,-0.018529
0.017031,-0.019585
0.017051,-0.020344
0.01707,-0.021016
0.01709,-0.021843
0.017109,-0.022723
0.017129,-0.023802
0.017148,-0.02475
0.017168,-0.025275
0.017187,-0.025755
0.017207,-0.026286
0.017227,-0.026937
0.017246,-0.027744
0.017266,-0.028153
0.017285,-0.0289
0.017305,-0.029762
0.017324,-0.03078
0.017344,-0.031652
0.017363,-0.032455
0.017383,-0.03309
0.017402,-0.03405
0.017422,-0.03481
0.017441,-0.035282
0.017461,-0.0354
0.01748,-0.035611
0.0175,-0.035877
0.01752,-0.036494
0.017539,-0.037356
0.017559,-0.037993
0.017578,-0.0388
0.017598,-0.039826
0.017617,-0.04079
0.017637,-0.041403
0.017656,-0.041578
0.017676,-0.04199
0.017695,-0.042297
0.017715,-0.042433
0.017734,-0.042586
0.017754,-0.042993
0.017773,-0.043184
0.017793,-0.043734
0.017812,-0.044631
0.017832,-0.045822
0.017852,-0.046459
0.017871,-0.046772
0.017891,-0.047119
0.01791,-0.047453
0.01793,-0.047751
0.017949,-0.047709
0.017969,-0.047863
0.017988,-0.048122
0.018008,-0.048618
0.018027,-0.04896
0.018047,-0.04939
0.018066,-0.04947
0.018086,-0.049639
0.018105,-0.049984
0.018125,-0.050124
0.018145,-0.049984
0.018164,-0.049972
0.018184,-0.050319
0.018203,-0.050429
0.018223,-0.050329
0.018242,-0.050106
0.018262,-0.050086
0.018281,-0.05004
0.018301,-0.050113
0.01832,-0.050578
0.01834,-0.050799
0.018359,-0.051066
0.018379,-0.051152
0.018398,-0.051375
0.018418,-0.051335
0.018437,-0.050896
0.018457,-0.050459
0.018477,-0.050162
0.018496,-0.050051
0.018516,-0.049911
0.018535,-0.04974
0.018555,-0.049687
0.018574,-0.049689
0.018594,-0.049803
0.018613,-0.049733
0.018633,-0.049381
0.018652,-0.049034
0.018672,-0.048376
0.018691,-0.047976
0.018711,-0.047274
0.01873,-0.046647
0.01875,-0.046217
0.01877,-0.046024
0.018789,-0.045933
0.018809,-0.045934
0.018828,-0.045735
0.018848,-0.045555
0.018867,-0.04524
0.018887,-0.044845
0.018906,-0.044455
0.018926,-0.043953
0.018945,-0.043407
0.018965,-0.042789
0.018984,-0.042293
0.019004,-0.041697
0.019023,-0.041224
0.019043,-0.040837
0.019062,-0.04018
0.019082,-0.039713
0.019102,-0.039122
0.019121,-0.038559
0.019141,-0.03771
0.01916,-0.036891
0.01918,-0.03629
0.019199,-0.035926
0.019219,-0.035321
0.019238,-0.034668
0.019258,-0.033891
0.019277,-0.033313
0.019297,-0.032404
0.019316,-0.031471
0.019336,-0.030651
0.019355,-0.029769
0.019375,-0.028919
0.019395,-0.028263
0.019414,-0.02784
0.019434,-0.027454
0.019453,-0.026943
0.019473,-0.026474
0.019492,-0.025916
0.019512,-0.024953
0.019531,-0.023728
0.019551,-0.022462
0.01957,-0.021329
0.01959,-0.020242
0.019609,-0.019395
0.019629,-0.018614
0.019648,-0.017972
0.019668,-0.017539
0.019687,-0.016968
0.019707,-0.016532
0.019727,-0.015919
0.019746,-0.015004
0.019766,-0.013885
0.019785,-0.013007
0.019805,-0.011964
0.019824,-0.010906
0.019844,-0.010048
0.019863,-0.009442
0.019883,-0.008624
0.019902,-0.007987
0.019922,-0.00739
0.019941,-0.006647
0.019961,-0.005903
0.01998,-0.005001
0.02,-0.004513
0.02002,-0.003874
0.020039,-0.002733
0.020059,-0.001704
0.020078,-0.000753
0.020098,2.53E-05
0.020117,0.001119
0.020137,0.001822
0.020156,0.002483
0.020176,0.003122
0.020195,0.003728
0.020215,0.004328
0.020234,0.004889
0.020254,0.00575
0.020273,0.006459
0.020293,0.007178
0.020312,0.008079
0.020332,0.009112
0.020352,0.010012
0.020371,0.010631
0.020391,0.011352
0.02041,0.011944
0.02043,0.01222
0.020449,0.012786
0.020469,0.013492
0.020488,0.014342
0.020508,0.015171
0.020527,0.016073
0.020547,0.017314
0.020566,0.018368
0.020586,0.019058
0.020605,0.019779
0.020625,0.020477
0.020645,0.021323
0.020664,0.021791
0.020684,0.022172
0.020703,0.022649
0.020723,0.023206
0.020742,0.024009
0.020762,0.024878
0.020781,0.025796
0.020801,0.026659
0.02082,0.027604
0.02084,0.028582
0.020859,0.029281
0.020879,0.029787
0.020898,0.030186
0.020918,0.030792
0.020937,0.031605
0.020957,0.032361
0.020977,0.03314
0.020996,0.033981
0.021016,0.034875
0.021035,0.035978
0.021055,0.036981
0.021074,0.037716
0.021094,0.038394
0.021113,0.038923
0.021133,0.039855
0.021152,0.04051
0.021172,0.041209
0.021191,0.041858
0.021211,0.042723
0.02123,0.043626
0.02125,0.044181
0.02127,0.044569
0.021289,0.044933
0.021309,0.045421
0.021328,0.045788
0.021348,0.046451
0.021367,0.047179
0.021387,0.047942
0.021406,0.048859
0.021426,0.049839
0.021445,0.05064
0.021465,0.051434
0.021484,0.051725
0.021504,0.052054
0.021523,0.052244
0.021543,0.05266
0.021562,0.053079
0.021582,0.053459
0.021602,0.054075
0.021621,0.05488
0.021641,0.055751
0.02166,0.056323
0.02168,0.056663
0.021699,0.057133
0.021719,0.057648
0.021738,0.057994
0.021758,0.058046
0.021777,0.057997
0.021797,0.057973
0.021816,0.058042
0.021836,0.058332
0.021855,0.058375
0.021875,0.058666
0.021895,0.058829
0.021914,0.059349
0.021934,0.05969
0.021953,0.059834
0.021973,0.059873
0.021992,0.059988
0.022012,0.06008
0.022031,0.059909
0.022051,0.059691
0.02207,0.059371
0.02209,0.059087
0.022109,0.058782
0.022129,0.058883
0.022148,0.05894
0.022168,0.05881
0.022187,0.058826
0.022207,0.058794
0.022227,0.058658
0.022246,0.058193
0.022266,0.057628
0.022285,0.057116
0.022305,0.056715
0.022324,0.056349
0.022344,0.055931
0.022363,0.055528
0.022383,0.055108
0.022402,0.055015
0.022422,0.054971
0.022441,0.054608
0.022461,0.05411
0.02248,0.053687
0.0225,0.053158
0.02252,0.052376
0.022539,0.051491
0.022559,0.050807
0.022578,0.05002
0.022598,0.04954
0.022617,0.049058
0.022637,0.048705
0.022656,0.048264
0.022676,0.047727
0.022695,0.04724
0.022715,0.046581
0.022734,0.045769
0.022754,0.044585
0.022773,0.043575
0.022793,0.042647
0.022812,0.041835
0.022832,0.041206
0.022852,0.040567
0.022871,0.039985
0.022891,0.039608
0.02291,0.039136
0.02293,0.038562
0.022949,0.037579
0.022969,0.036711
0.022988,0.035818
0.023008,0.035029
0.023027,0.034189
0.023047,0.033259
0.023066,0.032581
0.023086,0.031929
0.023105,0.031248
0.023125,0.030441
0.023145,0.029405
0.023164,0.028471
0.023184,0.027554
0.023203,0.026593
0.023223,0.025878
0.023242,0.025119
0.023262,0.024443
0.023281,0.023702
0.023301,0.02288
0.02332,0.022097
0.02334,0.021104
0.023359,0.020004
0.023379,0.018964
0.023398,0.018121
0.023418,0.01729
0.023437,0.016467
0.023457,0.015575
0.023477,0.015013
0.023496,0.014513
0.023516,0.013957
0.023535,0.013267
0.023555,0.012429
0.023574,0.011445
0.023594,0.010335
0.023613,0.009261
0.023633,0.008172
0.023652,0.006994
0.023672,0.00612
0.023691,0.005274
0.023711,0.004438
0.02373,0.003631
0.02375,0.002908
0.02377,0.002225
0.023789,0.001652
0.023809,0.000945
0.023828,6.01E-05
0.023848,-0.000915
0.023867,-0.001923
0.023887,-0.002977
0.023906,-0.003925
0.023926,-0.004782
0.023945,-0.005795
0.023965,-0.006484
0.023984,-0.006928
0.024004,-0.007686
0.024023,-0.008404
0.024043,-0.008938
0.024062,-0.009522
0.024082,-0.010233
0.024102,-0.011216
0.024121,-0.012041
0.024141,-0.012964
0.02416,-0.013921
0.02418,-0.014886
0.024199,-0.015744
0.024219,-0.016532
0.024238,-0.017097
0.024258,-0.017613
0.024277,-0.018146
0.024297,-0.018555
0.024316,-0.019023
0.024336,-0.019554
0.024355,-0.020388
0.024375,-0.021311
0.024395,-0.022057
0.024414,-0.022778
0.024434,-0.023519
0.024453,-0.024261
0.024473,-0.024679
0.024492,-0.025028
0.024512,-0.025379
0.024531,-0.02584
0.024551,-0.026247
0.02457,-0.026732
0.02459,-0.027413
0.024609,-0.028234
0.024629,-0.029118
0.024648,-0.029875
0.024668,-0.030549
0.024687,-0.030935
0.024707,-0.031383
0.024727,-0.03167
0.024746,-0.031847
0.024766,-0.032016
0.024785,-0.032314
0.024805,-0.032788
0.024824,-0.033317
0.024844,-0.033788
0.024863,-0.034339
0.024883,-0.034755
0.024902,-0.035056
0.024922,-0.03536
0.024941,-0.035669
0.024961,-0.035797
0.02498,-0.035921
0.025,-0.036001
0.02502,-0.036199
0.025039,-0.036409
0.025059,-0.036934
0.025078,-0.037164
0.025098,-0.037135
0.025117,-0.037317
0.025137,-0.037598
0.025156,-0.037598
0.025176,-0.037554
0.025195,-0.037646
0.025215,-0.03796
0.025234,-0.038198
0.025254,-0.038411
0.025273,-0.038566
0.025293,-0.038393
0.025312,-0.038179
0.025332,-0.038148
0.025352,-0.038073
0.025371,-0.037909
0.025391,-0.037854
0.02541,-0.037729
0.02543,-0.037963
0.025449,-0.038081
0.025469,-0.038119
0.025488,-0.03814
0.025508,-0.038233
0.025527,-0.038332
0.025547,-0.038459
0.025566,-0.038294
0.025586,-0.038023
0.025605,-0.037664
0.025625,-0.03762
0.025645,-0.037512
0.025664,-0.037379
0.025684,-0.037136
0.025703,-0.0372
0.025723,-0.037423
0.025742,-0.037504
0.025762,-0.037516
0.025781,-0.037427
0.025801,-0.037042
0.02582,-0.036708
0.02584,-0.036338
0.025859,-0.035956
0.025879,-0.035557
0.025898,-0.035334
0.025918,-0.035085
0.025937,-0.034935
0.025957,-0.034621
0.025977,-0.034534
0.025996,-0.034446
0.026016,-0.034485
0.026035,-0.034527
0.026055,-0.034368
0.026074,-0.034087
0.026094,-0.033738
0.026113,-0.033307
0.026133,-0.032786
0.026152,-0.03245
0.026172,-0.031979
0.026191,-0.031725
0.026211,-0.031604
0.02623,-0.031586
0.02625,-0.031704
0.02627,-0.031665
0.026289,-0.031478
0.026309,-0.031433
0.026328,-0.031314
0.026348,-0.030947
0.026367,-0.030235
0.026387,-0.029732
0.026406,-0.029374
0.026426,-0.02931
0.026445,-0.029251
0.026465,-0.029284
0.026484,-0.029243
0.026504,-0.029441
0.026523,-0.029509
0.026543,-0.02933
0.026562,-0.028858
0.026582,-0.028336
0.026602,-0.027995
0.026621,-0.027742
0.026641,-0.027519
0.02666,-0.02714
0.02668,-0.026811
0.026699,-0.026799
0.026719,-0.026808
0.026738,-0.026639
0.026758,-0.026297
0.026777,-0.025901
0.026797,-0.025584
0.026816,-0.025233
0.026836,-0.024735
0.026855,-0.024186
0.026875,-0.023896
0.026895,-0.023765
0.026914,-0.023543
0.026934,-0.023444
0.026953,-0.023121
0.026973,-0.022781
0.026992,-0.022553
0.027012,-0.022221
0.027031,-0.021879
0.027051,-0.021559
0.02707,-0.021263
0.02709,-0.020807
0.027109,-0.020505
0.027129,-0.020196
0.027148,-0.019842
0.027168,-0.019405
0.027187,-0.018937
0.027207,-0.018554
0.027227,-0.018069
0.027246,-0.017647
0.027266,-0.017146
0.027285,-0.016559
0.027305,-0.016343
0.027324,-0.01603
0.027344,-0.015562
0.027363,-0.01508
0.027383,-0.014777
0.027402,-0.014457
0.027422,-0.014039
0.027441,-0.01337
0.027461,-0.012735
0.02748,-0.012165
0.0275,-0.011668
0.02752,-0.011337
0.027539,-0.01104
0.027559,-0.010611
0.027578,-0.010093
0.027598,-0.009884
0.027617,-0.009237
0.027637,-0.008569
0.027656,-0.007933
0.027676,-0.007334
0.027695,-0.006738
0.027715,-0.005954
0.027734,-0.005264
0.027754,-0.004572
0.027773,-0.003949
0.027793,-0.003417
0.027812,-0.002918
0.027832,-0.002332
0.027852,-0.001811
0.027871,-0.001306
0.027891,-0.00077
0.02791,-0.000264
0.02793,0.000459
0.027949,0.001144
0.027969,0.001929
0.027988,0.002702
0.028008,0.003279
0.028027,0.004094
0.028047,0.004777
0.028066,0.005313
0.028086,0.005681
0.028105,0.006014
0.028125,0.006285
0.028145,0.006816
0.028164,0.007451
0.028184,0.00804
0.028203,0.008929
0.028223,0.009796
0.028242,0.010888
0.028262,0.011637
0.028281,0.012174
0.028301,0.012403
0.02832,0.01279
0.02834,0.013193
0.028359,0.013584
0.028379,0.013725
0.028398,0.014218
0.028418,0.014698
0.028437,0.015421
0.028457,0.016063
0.028477,0.016887
0.028496,0.017465
0.028516,0.017896
0.028535,0.018295
0.028555,0.018594
0.028574,0.018756
0.028594,0.018851
0.028613,0.019211
0.028633,0.019635
0.028652,0.020192
0.028672,0.020532
0.028691,0.020981
0.028711,0.021411
0.02873,0.021794
0.02875,0.022262
0.02877,0.022573
0.028789,0.022545
0.028809,0.02261
0.028828,0.022699
0.028848,0.022941
0.028867,0.022921
0.028887,0.023116
0.028906,0.023249
0.028926,0.023315
0.028945,0.023585
0.028965,0.023619
0.028984,0.023684
0.029004,0.023752
0.029023,0.023719
0.029043,0.023667
0.029062,0.023615
0.029082,0.02359
0.029102,0.02357
0.029121,0.023562
0.029141,0.02362
0.02916,0.023541
0.02918,0.023426
0.029199,0.023173
0.029219,0.023099
0.029238,0.022989
0.029258,0.022823
0.029277,0.02286
0.029297,0.02273
0.029316,0.022557
0.029336,0.022471
0.029355,0.022212
0.029375,0.021912
0.029395,0.02162
0.029414,0.021359
0.029434,0.021141
0.029453,0.02086
0.029473,0.020579
0.029492,0.020441
0.029512,0.020241
0.029531,0.020285
0.029551,0.020238
0.02957,0.020093
0.02959,0.020095
0.029609,0.019832
0.029629,0.019595
0.029648,0.019248
0.029668,0.019058
0.029687,0.018895
0.029707,0.018684
0.029727,0.018437
0.029746,0.018167
0.029766,0.017963
0.029785,0.017696
0.029805,0.017493
0.029824,0.01738
0.029844,0.017314
0.029863,0.017195
0.029883,0.016821
0.029902,0.016543
0.029922,0.016224
0.029941,0.015753
0.029961,0.015298
0.02998,0.014739
0.03,0.014456
0.03002,0.01422
0.030039,0.014039
0.030059,0.013967
0.030078,0.013869
0.030098,0.013843
0.030117,0.013758
0.030137,0.013585
0.030156,0.013232
0.030176,0.01257
0.030195,0.011972
0.030215,0.01141
0.030234,0.01093
0.030254,0.01077
0.030273,0.010411
0.030293,0.010209
0.030312,0.010246
0.030332,0.01022
0.030352,0.009945
0.030371,0.009716
0.030391,0.009257
0.03041,0.008856
0.03043,0.008321
0.030449,0.007787
0.030469,0.007215
0.030488,0.006649
0.030508,0.006436
0.030527,0.006301
0.030547,0.006272
0.030566,0.006146
0.030586,0.005851
0.030605,0.005711
0.030625,0.00539
0.030645,0.005101
0.030664,0.004664
0.030684,0.004138
0.030703,0.003683
0.030723,0.003302
0.030742,0.002936
0.030762,0.002776
0.030781,0.00249
0.030801,0.002391
0.03082,0.002273
0.03084,0.00198
0.030859,0.001624
0.030879,0.001373
0.030898,0.001069
0.030918,0.000797
0.030937,0.000658
0.030957,0.000468
0.030977,0.000263
0.030996,3.87E-06
0.031016,-8.11E-05
0.031035,-0.000148
0.031055,-0.000227
0.031074,-0.000319
0.031094,-0.000356
0.031113,-0.000432
0.031133,-0.000384
0.031152,-0.000589
0.031172,-0.000684
0.031191,-0.000697
0.031211,-0.000679
0.03123,-0.000641
0.03125,-0.000898
0.03127,-0.001089
0.031289,-0.001159
0.031309,-0.001307
0.031328,-0.001151
0.031348,-0.001142
0.031367,-0.00107
0.031387,-0.000963
0.031406,-0.000908
0.031426,-0.000852
0.031445,-0.000903
0.031465,-0.000892
0.031484,-0.000812
0.031504,-0.000638
0.031523,-0.000572
0.031543,-0.000399
0.031562,-0.000416
0.031582,-0.000371
0.031602,-0.000271
0.031621,-0.000129
0.031641,8.15E-05
0.03166,0.000308
0.03168,0.000573
0.031699,0.000694
0.031719,0.00102
0.031738,0.001206
0.031758,0.001313
0.031777,0.001458
0.031797,0.001665
0.031816,0.001754
0.031836,0.001839
0.031855,0.001878
0.031875,0.002262
0.031895,0.002608
0.031914,0.003084
0.031934,0.003697
0.031953,0.003941
0.031973,0.004371
0.031992,0.004712
0.032012,0.005186
0.032031,0.005207
0.032051,0.005284
0.03207,0.005422
0.03209,0.005681
0.032109,0.005975
0.032129,0.006385
0.032148,0.006774
0.032168,0.007223
0.032187,0.007803
0.032207,0.008391
0.032227,0.008683
0.032246,0.008961
0.032266,0.008944
0.032285,0.009038
0.032305,0.009066
0.032324,0.00912
0.032344,0.009288
0.032363,0.009391
0.032383,0.009773
0.032402,0.010489
0.032422,0.010972
0.032441,0.011412
0.032461,0.011797
0.03248,0.011974
0.0325,0.012225
0.03252,0.012247
0.032539,0.012257
0.032559,0.012242
0.032578,0.012407
0.032598,0.012716
0.032617,0.013057
0.032637,0.013345
0.032656,0.013678
0.032676,0.013881
0.032695,0.014198
0.032715,0.014464
0.032734,0.014489
0.032754,0.014568
0.032773,0.014537
0.032793,0.014602
0.032812,0.014928
0.032832,0.014901
0.032852,0.015128
0.032871,0.015347
0.032891,0.015577
0.03291,0.015809
0.03293,0.015934
0.032949,0.016019
0.032969,0.016082
0.032988,0.016359
0.033008,0.016549
0.033027,0.016623
0.033047,0.016604
0.033066,0.016615
0.033086,0.016711
0.033105,0.016645
0.033125,0.016545
0.033145,0.016388
0.033164,0.01653
0.033184,0.016609
0.033203,0.016696
0.033223,0.016456
0.033242,0.016465
0.033262,0.016402
0.033281,0.016423
0.033301,0.016393
0.03332,0.016224
0.03334,0.016002
0.033359,0.015985
0.033379,0.016026
0.033398,0.015871
0.033418,0.01601
0.033437,0.0159
0.033457,0.015881
0.033477,0.015838
0.033496,0.015888
0.033516,0.015963
0.033535,0.015765
0.033555,0.015656
0.033574,0.015706
0.033594,0.015756
0.033613,0.015633
0.033633,0.015364
0.033652,0.015229
0.033672,0.015106
0.033691,0.014963
0.033711,0.014861
0.03373,0.01462
0.03375,0.014774
0.03377,0.014753
0.033789,0.014787
0.033809,0.014794
0.033828,0.014775
0.033848,0.01471
0.033867,0.014712
0.033887,0.014601
0.033906,0.014377
0.033926,0.014247
0.033945,0.01408
0.033965,0.013881
0.033984,0.013861
0.034004,0.013905
0.034023,0.014062
0.034043,0.01431
0.034062,0.014247
0.034082,0.014317
0.034102,0.014318
0.034121,0.014058
0.034141,0.013641
0.03416,0.013283
0.03418,0.013044
0.034199,0.012793
0.034219,0.012709
0.034238,0.012802
0.034258,0.012872
0.034277,0.013029
0.034297,0.013124
0.034316,0.013145
0.034336,0.013153
0.034355,0.012867
0.034375,0.012696
0.034395,0.012502
0.034414,0.0123
0.034434,0.012056
0.034453,0.011983
0.034473,0.012135
0.034492,0.012237
0.034512,0.012477
0.034531,0.012448
0.034551,0.01255
0.03457,0.012441
0.03459,0.012334
0.034609,0.012143
0.034629,0.011807
0.034648,0.011614
0.034668,0.011657
0.034687,0.011393
0.034707,0.011387
0.034727,0.011207
0.034746,0.011091
0.034766,0.011112
0.034785,0.01118
0.034805,0.011121
0.034824,0.011004
0.034844,0.010882
0.034863,0.010821
0.034883,0.01055
0.034902,0.010336
0.034922,0.009994
0.034941,0.009836
0.034961,0.009641
0.03498,0.009427
0.035,0.009169
0.03502,0.008992
0.035039,0.008754
0.035059,0.008542
0.035078,0.008274
0.035098,0.008057
0.035117,0.007707
0.035137,0.007185
0.035156,0.006901
0.035176,0.006489
0.035195,0.006136
0.035215,0.005673
0.035234,0.005268
0.035254,0.004991
0.035273,0.004654
0.035293,0.004494
0.035312,0.004124
0.035332,0.003686
0.035352,0.003303
0.035371,0.002927
0.035391,0.002619
0.03541,0.002156
0.03543,0.001666
0.035449,0.001199
0.035469,0.000789
0.035488,0.000439
0.035508,-0.00011
0.035527,-0.000638
0.035547,-0.001145
0.035566,-0.001699
0.035586,-0.002111
0.035605,-0.002577
0.035625,-0.003135
0.035645,-0.003794
0.035664,-0.00429
0.035684,-0.004815
0.035703,-0.005234
0.035723,-0.005812
0.035742,-0.006571
0.035762,-0.007091
0.035781,-0.007709
0.035801,-0.008462
0.03582,-0.009093
0.03584,-0.009572
0.035859,-0.010202
0.035879,-0.010596
0.035898,-0.011016
0.035918,-0.011572
0.035937,-0.012091
0.035957,-0.012822
0.035977,-0.013591
0.035996,-0.014474
0.036016,-0.015412
0.036035,-0.0162
0.036055,-0.016965
0.036074,-0.01776
0.036094,-0.018318
0.036113,-0.018925
0.036133,-0.019459
0.036152,-0.01993
0.036172,-0.02035
0.036191,-0.021007
0.036211,-0.021647
0.03623,-0.022629
0.03625,-0.023459
0.03627,-0.024011
0.036289,-0.024606
0.036309,-0.025154
0.036328,-0.025621
0.036348,-0.025861
0.036367,-0.026149
0.036387,-0.026532
0.036406,-0.026929
0.036426,-0.027419
0.036445,-0.027883
0.036465,-0.028399
0.036484,-0.028988
0.036504,-0.029693
0.036523,-0.030277
0.036543,-0.030796
0.036562,-0.031153
0.036582,-0.031458
0.036602,-0.032055
0.036621,-0.032391
0.036641,-0.03266
0.03666,-0.033066
0.03668,-0.033457
0.036699,-0.034073
0.036719,-0.03459
0.036738,-0.035005
0.036758,-0.035464
0.036777,-0.035953
0.036797,-0.036401
0.036816,-0.036735
0.036836,-0.037284
0.036855,-0.037549
0.036875,-0.037809
0.036895,-0.038139
0.036914,-0.03862
0.036934,-0.039031
0.036953,-0.03929
0.036973,-0.039774
0.036992,-0.04047
0.037012,-0.041073
0.037031,-0.04141
0.037051,-0.041853
0.03707,-0.042405
0.03709,-0.042798
0.037109,-0.043005
0.037129,-0.043359
0.037148,-0.043654
0.037168,-0.043777
0.037187,-0.044077
0.037207,-0.044408
0.037227,-0.04474
0.037246,-0.044931
0.037266,-0.045237
0.037285,-0.045411
0.037305,-0.045657
0.037324,-0.046085
0.037344,-0.046242
0.037363,-0.04632
0.037383,-0.046414
0.037402,-0.046567
0.037422,-0.046721
0.037441,-0.046846
0.037461,-0.046901
0.03748,-0.04717
0.0375,-0.047454
0.03752,-0.047765
0.037539,-0.047717
0.037559,-0.047754
0.037578,-0.047902
0.037598,-0.048124
0.037617,-0.048204
0.037637,-0.048115
0.037656,-0.048172
0.037676,-0.048308
0.037695,-0.048176
0.037715,-0.048036
0.037734,-0.047774
0.037754,-0.047453
0.037773,-0.047348
0.037793,-0.047169
0.037812,-0.046972
0.037832,-0.046819
0.037852,-0.046608
0.037871,-0.046489
0.037891,-0.046602
0.03791,-0.046502
0.03793,-0.046075
0.037949,-0.045705
0.037969,-0.045138
0.037988,-0.044778
0.038008,-0.04444
0.038027,-0.044014
0.038047,-0.043616
0.038066,-0.0433
0.038086,-0.043235
0.038105,-0.043106
0.038125,-0.04265
0.038145,-0.042174
0.038164,-0.04167
0.038184,-0.041218
0.038203,-0.040722
0.038223,-0.039702
0.038242,-0.038959
0.038262,-0.038332
0.038281,-0.037823
0.038301,-0.037125
0.03832,-0.036463
0.03834,-0.035997
0.038359,-0.035409
0.038379,-0.034976
0.038398,-0.034432
0.038418,-0.033885
0.038437,-0.033213
0.038457,-0.032413
0.038477,-0.031687
0.038496,-0.03098
0.038516,-0.030027
0.038535,-0.02927
0.038555,-0.028573
0.038574,-0.028193
0.038594,-0.027567
0.038613,-0.026729
0.038633,-0.025743
0.038652,-0.025104
0.038672,-0.024387
0.038691,-0.023453
0.038711,-0.022584
0.03873,-0.021596
0.03875,-0.020692
0.03877,-0.01971
0.038789,-0.018697
0.038809,-0.017659
0.038828,-0.016692
0.038848,-0.016013
0.038867,-0.015182
0.038887,-0.014211
0.038906,-0.013094
0.038926,-0.012072
0.038945,-0.011144
0.038965,-0.010054
0.038984,-0.009031
0.039004,-0.008053
0.039023,-0.006899
0.039043,-0.005746
0.039062,-0.004609
0.039082,-0.003628
0.039102,-0.002633
0.039121,-0.001613
0.039141,-0.000578
0.03916,0.000403
0.03918,0.001559
0.039199,0.002913
0.039219,0.004187
0.039238,0.005424
0.039258,0.006633
0.039277,0.007778
0.039297,0.008648
0.039316,0.00986
0.039336,0.010969
0.039355,0.012078
0.039375,0.013069
0.039395,0.014301
0.039414,0.015372
0.039434,0.016553
0.039453,0.017667
0.039473,0.018789
0.039492,0.019924
0.039512,0.020973
0.039531,0.022027
0.039551,0.023091
0.03957,0.024189
0.03959,0.025224
0.039609,0.026398
0.039629,0.027604
0.039648,0.028692
0.039668,0.029529
0.039687,0.030498
0.039707,0.031517
0.039727,0.032479
0.039746,0.033441
0.039766,0.034388
0.039785,0.035437
0.039805,0.036476
0.039824,0.037502
0.039844,0.038513
0.039863,0.039614
0.039883,0.040681
0.039902,0.041801
0.039922,0.042631
0.039941,0.043434
0.039961,0.044146
0.03998,0.044864
0.04,0.045814
0.04002,0.046911
0.040039,0.047944
0.040059,0.048831
0.040078,0.049756
0.040098,0.050709
0.040117,0.05172
0.040137,0.052792
0.040156,0.053729
0.040176,0.054428
0.040195,0.055305
0.040215,0.055962
0.040234,0.056561
0.040254,0.057146
0.040273,0.057993
0.040293,0.05882
0.040312,0.059828
0.040332,0.060627
0.040352,0.061315
0.040371,0.06206
0.040391,0.062682
0.04041,0.063292
0.04043,0.063872
0.040449,0.064549
0.040469,0.065012
0.040488,0.065351
0.040508,0.065868
0.040527,0.066482
0.040547,0.067037
0.040566,0.067553
0.040586,0.068316
0.040605,0.068842
0.040625,0.069381
0.040645,0.069772
0.040664,0.070105
0.040684,0.070511
0.040703,0.070807
0.040723,0.071461
0.040742,0.071838
0.040762,0.072158
0.040781,0.072376
0.040801,0.072659
0.04082,0.073019
0.04084,0.073389
0.040859,0.073749
0.040879,0.074019
0.040898,0.074192
0.040918,0.074344
0.040937,0.074448
0.040957,0.074447
0.040977,0.074481
0.040996,0.074598
0.041016,0.074798
0.041035,0.074836
0.041055,0.074809
0.041074,0.074866
0.041094,0.074962
0.041113,0.075003
0.041133,0.075061
0.041152,0.074917
0.041172,0.074673
0.041191,0.074391
0.041211,0.074015
0.04123,0.073892
0.04125,0.073679
0.04127,0.073339
0.041289,0.07328
0.041309,0.073079
0.041328,0.072725
0.041348,0.072353
0.041367,0.071903
0.041387,0.071665
0.041406,0.071343
0.041426,0.070912
0.041445,0.07039
0.041465,0.06977
0.041484,0.069194
0.041504,0.068556
0.041523,0.068
0.041543,0.067462
0.041562,0.06693
0.041582,0.066197
0.041602,0.065457
0.041621,0.064757
0.041641,0.063947
0.04166,0.063202
0.04168,0.062606
0.041699,0.061948
0.041719,0.061175
0.041738,0.060235
0.041758,0.059172
0.041777,0.058165
0.041797,0.057384
0.041816,0.056524
0.041836,0.055603
0.041855,0.054682
0.041875,0.05387
0.041895,0.052932
0.041914,0.052153
0.041934,0.051337
0.041953,0.050669
0.041973,0.04998
0.041992,0.049029
0.042012,0.048039
0.042031,0.046866
0.042051,0.045595
0.04207,0.044497
0.04209,0.043441
0.042109,0.042372
0.042129,0.041425
0.042148,0.040323
0.042168,0.039309
0.042187,0.038393
0.042207,0.0373
0.042227,0.036276
0.042246,0.035257
0.042266,0.033991
0.042285,0.032599
0.042305,0.031392
0.042324,0.030027
0.042344,0.028714
0.042363,0.027569
0.042383,0.026475
0.042402,0.02543
0.042422,0.024255
0.042441,0.023031
0.042461,0.022013
0.04248,0.020898
0.0425,0.019794
0.04252,0.018688
0.042539,0.017467
0.042559,0.016269
0.042578,0.015004
0.042598,0.013702
0.042617,0.012376
0.042637,0.011053
0.042656,0.009896
0.042676,0.008755
0.042695,0.007574
0.042715,0.006255
0.042734,0.004985
0.042754,0.00371
0.042773,0.002565
0.042793,0.001294
0.042812,2.65E-05
0.042832,-0.001181
0.042852,-0.002671
0.042871,-0.003932
0.042891,-0.00508
0.04291,-0.006152
0.04293,-0.007284
0.042949,-0.008311
0.042969,-0.009498
0.042988,-0.010634
0.043008,-0.01187
0.043027,-0.013129
0.043047,-0.014331
0.043066,-0.015502
0.043086,-0.01656
0.043105,-0.017798
0.043125,-0.019106
0.043145,-0.020248
0.043164,-0.021269
0.043184,-0.022309
0.043203,-0.023531
0.043223,-0.024636
0.043242,-0.025743
0.043262,-0.027258
0.043281,-0.028644
0.043301,-0.02981
0.04332,-0.0309
0.04334,-0.032024
0.043359,-0.03308
0.043379,-0.034318
0.043398,-0.035386
0.043418,-0.036367
0.043437,-0.037206
0.043457,-0.038198
0.043477,-0.039324
0.043496,-0.040343
0.043516,-0.041057
0.043535,-0.042109
0.043555,-0.043526
0.043574,-0.044522
0.043594,-0.045271
0.043613,-0.046083
0.043633,-0.047298
0.043652,-0.048465
0.043672,-0.049251
0.043691,-0.050352
0.043711,-0.051617
0.04373,-0.052701
0.04375,-0.053291
0.04377,-0.053926
0.043789,-0.054901
0.043809,-0.05604
0.043828,-0.057003
0.043848,-0.057955
0.043867,-0.058992
0.043887,-0.059771
0.043906,-0.060405
0.043926,-0.060995
0.043945,-0.06188
0.043965,-0.062675
0.043984,-0.063496
0.044004,-0.063955
0.044023,-0.064538
0.044043,-0.065208
0.044062,-0.066092
0.044082,-0.066617
0.044102,-0.067109
0.044121,-0.067895
0.044141,-0.068767
0.04416,-0.069162
0.04418,-0.069517
0.044199,-0.070511
0.044219,-0.071433
0.044238,-0.071611
0.044258,-0.071396
0.044277,-0.072151
0.044297,-0.072996
0.044316,-0.073876
0.044336,-0.073963
0.044355,-0.074615
0.044375,-0.075319
0.044395,-0.0768
0.044414,-0.077307
0.044434,-0.078115
0.044453,-0.076668
0.044473,-0.079301
0.044492,-0.082935
0.044512,-0.085749
0.044531,-0.085956
0.044551,-0.085481
0.04457,-0.083628
0.04459,-0.082294
0.044609,-0.08077
0.044629,-0.08069
0.044648,-0.083089
0.044668,-0.086963
0.044687,-0.090696
0.044707,-0.093537
0.044727,-0.092377
0.044746,-0.092633
0.044766,-0.093355
0.044785,-0.092285
0.044805,-0.089082
0.044824,-0.090909
0.044844,-0.094722
0.044863,-0.096361
0.044883,-0.094242
0.044902,-0.092926
0.044922,-0.093491
0.044941,-0.093779
0.044961,-0.092979
0.04498,-0.091016
0.045,-0.088932
0.04502,-0.089169
0.045039,-0.091305
0.045059,-0.092971
0.045078,-0.093307
0.045098,-0.09139
0.045117,-0.088739
0.045137,-0.088753
0.045156,-0.089991
0.045176,-0.09038
0.045195,-0.088688
0.045215,-0.087118
0.045234,-0.088281
0.045254,-0.09105
0.045273,-0.088928
0.045293,-0.084529
0.045312,-0.080923
0.045332,-0.081091
0.045352,-0.083351
0.045371,-0.083717
0.045391,-0.080875
0.04541,-0.080387
0.04543,-0.081066
0.045449,-0.082858
0.045469,-0.081954
0.045488,-0.078449
0.045508,-0.076109
0.045527,-0.076148
0.045547,-0.076798
0.045566,-0.076069
0.045586,-0.074805
0.045605,-0.072152
0.045625,-0.070919
0.045645,-0.070756
0.045664,-0.069405
0.045684,-0.068851
0.045703,-0.067626
0.045723,-0.065983
0.045742,-0.067874
0.045762,-0.068287
0.045781,-0.066748
0.045801,-0.06449
0.04582,-0.061911
0.04584,-0.060574
0.045859,-0.059978
0.045879,-0.056929
0.045898,-0.056044
0.045918,-0.055392
0.045937,-0.055766
0.045957,-0.054763
0.045977,-0.051807
0.045996,-0.047446
0.046016,-0.045935
0.046035,-0.04579
0.046055,-0.045572
0.046074,-0.044663
0.046094,-0.045426
0.046113,-0.044959
0.046133,-0.043948
0.046152,-0.040491
0.046172,-0.037729
0.046191,-0.034949
0.046211,-0.032296
0.04623,-0.029513
0.04625,-0.028382
0.04627,-0.027129
0.046289,-0.027292
0.046309,-0.028014
0.046328,-0.029434
0.046348,-0.029919
0.046367,-0.028573
0.046387,-0.024169
0.046406,-0.020084
0.046426,-0.018253
0.046445,-0.016794
0.046465,-0.014657
0.046484,-0.013187
0.046504,-0.011565
0.046523,-0.011956
0.046543,-0.011789
0.046562,-0.009897
0.046582,-0.008857
0.046602,-0.008005
0.046621,-0.006354
0.046641,-0.005453
0.04666,-0.003691
0.04668,-0.001569
0.046699,0.000743
0.046719,0.001133
0.046738,0.001635
0.046758,0.001932
0.046777,0.004612
0.046797,0.005989
0.046816,0.006452
0.046836,0.006969
0.046855,0.008931
0.046875,0.011522
0.046895,0.014113
0.046914,0.015449
0.046934,0.01504
0.046953,0.014867
0.046973,0.017644
0.046992,0.019389
0.047012,0.019969
0.047031,0.020367
0.047051,0.021846
0.04707,0.023355
0.04709,0.024304
0.047109,0.024886
0.047129,0.026881
0.047148,0.029457
0.047168,0.031938
0.047187,0.033435
0.047207,0.03429
0.047227,0.034691
0.047246,0.036395
0.047266,0.038547
0.047285,0.039833
0.047305,0.040559
0.047324,0.041913
0.047344,0.044025
0.047363,0.045281
0.047383,0.045832
0.047402,0.046471
0.047422,0.048388
0.047441,0.049803
0.047461,0.05191
0.04748,0.052799
0.0475,0.052805
0.04752,0.053903
0.047539,0.05525
0.047559,0.05546
0.047578,0.055985
0.047598,0.055645
0.047617,0.056988
0.047637,0.059523
0.047656,0.062401
0.047676,0.064229
0.047695,0.065724
0.047715,0.067688
0.047734,0.069327
0.047754,0.069891
0.047773,0.07067
0.047793,0.072558
0.047812,0.07449
0.047832,0.076082
0.047852,0.077637
0.047871,0.079103
0.047891,0.080081
0.04791,0.080341
0.04793,0.079902
0.047949,0.079836
0.047969,0.079982
0.047988,0.079658
0.048008,0.0797
0.048027,0.0808
0.048047,0.08315
0.048066,0.085716
0.048086,0.086049
0.048105,0.08583
0.048125,0.08529
0.048145,0.083833
0.048164,0.083747
0.048184,0.083363
0.048203,0.082568
0.048223,0.082833
0.048242,0.083886
0.048262,0.085541
0.048281,0.087633
0.048301,0.088792
0.04832,0.088789
0.04834,0.088311
0.048359,0.087017
0.048379,0.086628
0.048398,0.085266
0.048418,0.083586
0.048437,0.082715
0.048457,0.081971
0.048477,0.081067
0.048496,0.080688
0.048516,0.080995
0.048535,0.082205
0.048555,0.082649
0.048574,0.08185
0.048594,0.081054
0.048613,0.080261
0.048633,0.079146
0.048652,0.078591
0.048672,0.077792
0.048691,0.077433
0.048711,0.077067
0.04873,0.076853
0.04875,0.07631
0.04877,0.076303
0.048789,0.076661
0.048809,0.077134
0.048828,0.076131
0.048848,0.074933
0.048867,0.073569
0.048887,0.072466
0.048906,0.071391
0.048926,0.071383
0.048945,0.070884
0.048965,0.070364
0.048984,0.069543
0.049004,0.068776
0.049023,0.067453
0.049043,0.065608
0.049062,0.064126
0.049082,0.063307
0.049102,0.061983
0.049121,0.061443
0.049141,0.060662
0.04916,0.059473
0.04918,0.058212
0.049199,0.057752
0.049219,0.057162
0.049238,0.05611
0.049258,0.055393
0.049277,0.054839
0.049297,0.055556
0.049316,0.055872
0.049336,0.054646
0.049355,0.053531
0.049375,0.052142
0.049395,0.050371
0.049414,0.048484
0.049434,0.04604
0.049453,0.0448
0.049473,0.043861
0.049492,0.043485
0.049512,0.043176
0.049531,0.042913
0.049551,0.042426
0.04957,0.041608
0.04959,0.0402
0.049609,0.038169
0.049629,0.036624
0.049648,0.035791
0.049668,0.03482
0.049687,0.034774
0.049707,0.035045
0.049727,0.035709
0.049746,0.035181
0.049766,0.034406
0.049785,0.033
0.049805,0.032345
0.049824,0.031754
0.049844,0.030748
0.049863,0.029904
0.049883,0.030102
0.049902,0.030206
0.049922,0.030333
0.049941,0.029555
0.049961,0.028217
0.04998,0.026186
0.05,0.024024
0.05002,0.022012
0.050039,0.021219
0.050059,0.020176
0.050078,0.019819
0.050098,0.019288
0.050117,0.019177
0.050137,0.019425
0.050156,0.020089
0.050176,0.020267
0.050195,0.019885
0.050215,0.019038
0.050234,0.017746
0.050254,0.01605
0.050273,0.014621
0.050293,0.012762
0.050312,0.011756
0.050332,0.011228
0.050352,0.010653
0.050371,0.01042
0.050391,0.009864
0.05041,0.00923
0.05043,0.007817
0.050449,0.006565
0.050469,0.005304
0.050488,0.003338
0.050508,0.000634
0.050527,-0.001922
0.050547,-0.003789
0.050566,-0.004064
0.050586,-0.0042
0.050605,-0.004357
0.050625,-0.004508
0.050645,-0.00428
0.050664,-0.004286
0.050684,-0.005486
0.050703,-0.007382
0.050723,-0.008541
0.050742,-0.009659
0.050762,-0.010276
0.050781,-0.010502
0.050801,-0.011333
0.05082,-0.012561
0.05084,-0.013154
0.050859,-0.014598
0.050879,-0.016374
0.050898,-0.018336
0.050918,-0.019887
0.050937,-0.021426
0.050957,-0.022796
0.050977,-0.024309
0.050996,-0.0251
0.051016,-0.026918
0.051035,-0.028779
0.051055,-0.029897
0.051074,-0.031311
0.051094,-0.032804
0.051113,-0.034115
0.051133,-0.035014
0.051152,-0.035361
0.051172,-0.035486
0.051191,-0.035868
0.051211,-0.036851
0.05123,-0.037455
0.05125,-0.038868
0.05127,-0.04055
0.051289,-0.041926
0.051309,-0.042898
0.051328,-0.042547
0.051348,-0.042422
0.051367,-0.042829
0.051387,-0.043271
0.051406,-0.043565
0.051426,-0.044652
0.051445,-0.04662
0.051465,-0.048663
0.051484,-0.050753
0.051504,-0.05229
0.051523,-0.053171
0.051543,-0.053414
0.051562,-0.053926
0.051582,-0.054131
0.051602,-0.054196
0.051621,-0.054216
0.051641,-0.054952
0.05166,-0.055769
0.05168,-0.05633
0.051699,-0.056158
0.051719,-0.055873
0.051738,-0.055435
0.051758,-0.05574
0.051777,-0.056075
0.051797,-0.055904
0.051816,-0.055698
0.051836,-0.055967
0.051855,-0.056496
0.051875,-0.057562
0.051895,-0.059175
0.051914,-0.059455
0.051934,-0.059634
0.051953,-0.059738
0.051973,-0.059815
0.051992,-0.059782
0.052012,-0.059452
0.052031,-0.059179
0.052051,-0.059664
0.05207,-0.060093
0.05209,-0.060961
0.052109,-0.061127
0.052129,-0.061249
0.052148,-0.061325
0.052168,-0.061957
0.052187,-0.061166
0.052207,-0.060002
0.052227,-0.05812
0.052246,-0.05611
0.052266,-0.054717
0.052285,-0.053761
0.052305,-0.053103
0.052324,-0.05353
0.052344,-0.05402
0.052363,-0.055416
0.052383,-0.05636
0.052402,-0.056424
0.052422,-0.055635
0.052441,-0.05452
0.052461,-0.053449
0.05248,-0.052803
0.0525,-0.052078
0.05252,-0.051483
0.052539,-0.051336
0.052559,-0.051368
0.052578,-0.051366
0.052598,-0.051062
0.052617,-0.050196
0.052637,-0.0496
0.052656,-0.048942
0.052676,-0.047811
0.052695,-0.04629
0.052715,-0.044483
0.052734,-0.043602
0.052754,-0.043076
0.052773,-0.042555
0.052793,-0.041427
0.052812,-0.040598
0.052832,-0.039955
0.052852,-0.03975
0.052871,-0.039329
0.052891,-0.03905
0.05291,-0.039006
0.05293,-0.039211
0.052949,-0.039267
0.052969,-0.038826
0.052988,-0.0375
0.053008,-0.036742
0.053027,-0.035961
0.053047,-0.035525
0.053066,-0.034735
0.053086,-0.034224
0.053105,-0.034126
0.053125,-0.034285
0.053145,-0.034445
0.053164,-0.033884
0.053184,-0.032301
0.053203,-0.030747
0.053223,-0.029511
0.053242,-0.028972
0.053262,-0.028058
0.053281,-0.027451
0.053301,-0.027011
0.05332,-0.027343
0.05334,-0.027539
0.053359,-0.027388
0.053379,-0.026505
0.053398,-0.025991
0.053418,-0.0258
0.053437,-0.025457
0.053457,-0.024074
0.053477,-0.022661
0.053496,-0.021898
0.053516,-0.021322
0.053535,-0.021453
0.053555,-0.021553
0.053574,-0.020961
0.053594,-0.020426
0.053613,-0.019723
0.053633,-0.019064
0.053652,-0.01758
0.053672,-0.016288
0.053691,-0.015149
0.053711,-0.014419
0.05373,-0.013545
0.05375,-0.012785
0.05377,-0.012054
0.053789,-0.011482
0.053809,-0.01106
0.053828,-0.01071
0.053848,-0.009997
0.053867,-0.009219
0.053887,-0.008188
0.053906,-0.007617
0.053926,-0.007285
0.053945,-0.006967
0.053965,-0.006936
0.053984,-0.007189
0.054004,-0.007516
0.054023,-0.007382
0.054043,-0.006343
0.054062,-0.005089
0.054082,-0.003358
0.054102,-0.001225
0.054121,0.000272
0.054141,0.001752
0.05416,0.002193
0.05418,0.002316
0.054199,0.002099
0.054219,0.002367
0.054238,0.003058
0.054258,0.004243
0.054277,0.00506
0.054297,0.00624
0.054316,0.007415
0.054336,0.008897
0.054355,0.010231
0.054375,0.011448
0.054395,0.011148
0.054414,0.010567
0.054434,0.010042
0.054453,0.010083
0.054473,0.010441
0.054492,0.010542
0.054512,0.010582
0.054531,0.011503
0.054551,0.012337
0.05457,0.013237
0.05459,0.013824
0.054609,0.014477
0.054629,0.015689
0.054648,0.017023
0.054668,0.017807
0.054687,0.018307
0.054707,0.018414
0.054727,0.018986
0.054746,0.019783
0.054766,0.020411
0.054785,0.020206
0.054805,0.020399
0.054824,0.021192
0.054844,0.022289
0.054863,0.023643
0.054883,0.023772
0.054902,0.023677
0.054922,0.023563
0.054941,0.023392
0.054961,0.023222
0.05498,0.022569
0.055,0.022471
0.05502,0.02253
0.055039,0.02312
0.055059,0.023626
0.055078,0.02368
0.055098,0.023988
0.055117,0.024776
0.055137,0.025601
0.055156,0.025949
0.055176,0.025694
0.055195,0.025289
0.055215,0.025004
0.055234,0.024906
0.055254,0.025009
0.055273,0.025024
0.055293,0.025097
0.055312,0.025443
0.055332,0.025978
0.055352,0.026103
0.055371,0.025938
0.055391,0.025705
0.05541,0.025115
0.05543,0.024643
0.055449,0.024155
0.055469,0.023372
0.055488,0.022991
0.055508,0.023084
0.055527,0.023438
0.055547,0.023764
0.055566,0.023868
0.055586,0.023813
0.055605,0.023912
0.055625,0.023682
0.055645,0.023289
0.055664,0.022324
0.055684,0.021656
0.055703,0.021617
0.055723,0.022504
0.055742,0.023007
0.055762,0.023328
0.055781,0.02361
0.055801,0.023348
0.05582,0.022877
0.05584,0.021915
0.055859,0.020802
0.055879,0.020358
0.055898,0.020413
0.055918,0.020595
0.055937,0.020547
0.055957,0.020181
0.055977,0.020033
0.055996,0.019883
0.056016,0.01951
0.056035,0.018558
0.056055,0.01707
0.056074,0.015492
0.056094,0.014396
0.056113,0.014303
0.056133,0.014728
0.056152,0.014842
0.056172,0.014846
0.056191,0.015103
0.056211,0.015435
0.05623,0.015231
0.05625,0.01438
0.05627,0.013394
0.056289,0.012632
0.056309,0.012031
0.056328,0.011537
0.056348,0.010752
0.056367,0.0102
0.056387,0.010065
0.056406,0.010461
0.056426,0.010631
0.056445,0.01032
0.056465,0.009985
0.056484,0.009913
0.056504,0.009995
0.056523,0.009923
0.056543,0.009094
0.056562,0.008244
0.056582,0.007427
0.056602,0.006948
0.056621,0.006714
0.056641,0.006699
0.05666,0.007022
0.05668,0.007415
0.056699,0.008017
0.056719,0.008237
0.056738,0.007961
0.056758,0.007726
0.056777,0.007659
0.056797,0.007636
0.056816,0.006952
0.056836,0.006363
0.056855,0.005882
0.056875,0.005579
0.056895,0.005495
0.056914,0.005709
0.056934,0.005887
0.056953,0.006042
0.056973,0.006383
0.056992,0.006484
0.057012,0.006112
0.057031,0.005607
0.057051,0.005191
0.05707,0.004914
0.05709,0.004493
0.057109,0.004038
0.057129,0.003431
0.057148,0.003815
0.057168,0.004361
0.057187,0.004703
0.057207,0.004876
0.057227,0.004963
0.057246,0.004927
0.057266,0.004654
0.057285,0.004168
0.057305,0.003248
0.057324,0.00209
0.057344,0.001426
0.057363,0.00122
0.057383,0.001547
0.057402,0.00191
0.057422,0.002226
0.057441,0.002238
0.057461,0.002108
0.05748,0.001286
0.0575,5.95E-05
0.05752,-0.000688
0.057539,-0.001093
0.057559,-0.001243
0.057578,-0.001384
0.057598,-0.001309
0.057617,-0.00139
0.057637,-0.001295
0.057656,-0.001278
0.057676,-0.001287
0.057695,-0.002048
0.057715,-0.002884
0.057734,-0.003943
0.057754,-0.004557
0.057773,-0.004734
0.057793,-0.00449
0.057812,-0.00453
0.057832,-0.004384
0.057852,-0.004543
0.057871,-0.005103
0.057891,-0.005909
0.05791,-0.006753
0.05793,-0.007599
0.057949,-0.008377
0.057969,-0.00918
0.057988,-0.009418
0.058008,-0.009674
0.058027,-0.009612
0.058047,-0.009774
0.058066,-0.009942
0.058086,-0.010683
0.058105,-0.010974
0.058125,-0.011433
0.058145,-0.012189
0.058164,-0.012736
0.058184,-0.0128
0.058203,-0.012786
0.058223,-0.012808
0.058242,-0.01283
0.058262,-0.012592
0.058281,-0.012176
0.058301,-0.011461
0.05832,-0.011168
0.05834,-0.011008
0.058359,-0.011296
0.058379,-0.011778
0.058398,-0.012215
0.058418,-0.012698
0.058437,-0.012891
0.058457,-0.012884
0.058477,-0.013
0.058496,-0.012879
0.058516,-0.012622
0.058535,-0.012146
0.058555,-0.011791
0.058574,-0.011507
0.058594,-0.011347
0.058613,-0.011183
0.058633,-0.011186
0.058652,-0.011767
0.058672,-0.012041
0.058691,-0.012216
0.058711,-0.01198
0.05873,-0.011594
0.05875,-0.011531
0.05877,-0.011091
0.058789,-0.010422
0.058809,-0.009682
0.058828,-0.009054
0.058848,-0.008601
0.058867,-0.008537
0.058887,-0.008529
0.058906,-0.008663
0.058926,-0.00913
0.058945,-0.009485
0.058965,-0.010226
0.058984,-0.010597
0.059004,-0.010525
0.059023,-0.009886
0.059043,-0.00903
0.059062,-0.00829
0.059082,-0.007628
0.059102,-0.00727
0.059121,-0.007098
0.059141,-0.007448
0.05916,-0.008191
0.05918,-0.008401
0.059199,-0.008056
0.059219,-0.007445
0.059238,-0.006848
0.059258,-0.006207
0.059277,-0.005308
0.059297,-0.004256
0.059316,-0.003489
0.059336,-0.003297
0.059355,-0.003323
0.059375,-0.003212
0.059395,-0.003308
0.059414,-0.003427
0.059434,-0.003641
0.059453,-0.00292
0.059473,-0.002342
0.059492,-0.001654
0.059512,-0.001526
0.059531,-0.001569
0.059551,-0.00166
0.05957,-0.001787
0.05959,-0.001755
0.059609,-0.001679
0.059629,-0.001824
0.059648,-0.001623
0.059668,-0.00117
0.059687,-0.000374
0.059707,0.000208
0.059727,0.000338
0.059746,0.000168
0.059766,0.000409
0.059785,0.000716
0.059805,0.000705
0.059824,0.000792
0.059844,0.0008
0.059863,0.001299
0.059883,0.001704
0.059902,0.00194
0.059922,0.002023
0.059941,0.00221
0.059961,0.002604
0.05998,0.002743
0.06,0.002575
0.06002,0.001965
0.060039,0.00151
0.060059,0.001205
0.060078,0.001394
0.060098,0.001974
0.060117,0.002154
0.060137,0.002284
0.060156,0.002537
0.060176,0.003125
0.060195,0.003324
0.060215,0.003275
0.060234,0.002932
0.060254,0.002815
0.060273,0.003114
0.060293,0.003556
0.060312,0.003641
0.060332,0.00392
0.060352,0.004475
0.060371,0.005378
0.060391,0.006018
0.06041,0.006227
0.06043,0.00594
0.060449,0.005819
0.060469,0.005766
0.060488,0.005722
0.060508,0.005347
0.060527,0.004875
0.060547,0.004701
0.060566,0.004889
0.060586,0.005295
0.060605,0.005339
0.060625,0.005409
0.060645,0.005764
0.060664,0.006462
0.060684,0.00715
0.060703,0.007718
0.060723,0.00777
0.060742,0.007657
0.060762,0.007624
0.060781,0.007555
0.060801,0.006729
0.06082,0.006067
0.06084,0.006047
0.060859,0.00696
0.060879,0.007857
0.060898,0.00826
0.060918,0.008504
0.060937,0.008919
0.060957,0.009412
0.060977,0.009123
0.060996,0.008254
0.061016,0.007389
0.061035,0.006695
0.061055,0.006456
0.061074,0.006333
0.061094,0.006426
0.061113,0.00701
0.061133,0.007981
0.061152,0.008833
0.061172,0.009541
0.061191,0.009704
0.061211,0.009502
0.06123,0.009376
0.06125,0.009666
0.06127,0.00976
0.061289,0.009779
0.061309,0.009564
0.061328,0.010076
0.061348,0.010782
0.061367,0.011357
0.061387,0.011251
0.061406,0.011007
0.061426,0.01092
0.061445,0.011101
0.061465,0.01102
0.061484,0.010657
0.061504,0.010244
0.061523,0.010346
0.061543,0.010488
0.061562,0.010843
0.061582,0.010894
0.061602,0.010919
0.061621,0.011012
0.061641,0.011463
0.06166,0.011396
0.06168,0.011228
0.061699,0.01094
0.061719,0.010997
0.061738,0.011373
0.061758,0.011972
0.061777,0.012341
0.061797,0.012571
0.061816,0.012494
0.061836,0.012725
0.061855,0.012604
0.061875,0.012237
0.061895,0.011478
0.061914,0.01085
0.061934,0.010707
0.061953,0.010528
0.061973,0.01031
0.061992,0.010144
0.062012,0.009907
0.062031,0.009949
0.062051,0.009672
0.06207,0.009247
0.06209,0.008474
0.062109,0.007681
0.062129,0.007402
0.062148,0.007115
0.062168,0.007086
0.062187,0.006927
0.062207,0.007112
0.062227,0.007049
0.062246,0.007206
0.062266,0.007033
0.062285,0.006515
0.062305,0.005931
0.062324,0.00556
0.062344,0.005057
0.062363,0.00463
0.062383,0.004045
0.062402,0.003561
0.062422,0.003021
0.062441,0.002481
0.062461,0.00176
0.06248,0.001235
0.0625,0.000645
0.06252,0.00061
0.062539,0.000403
0.062559,-2.43E-05
0.062578,-0.000737
0.062598,-0.001326
0.062617,-0.002126
0.062637,-0.002768
0.062656,-0.003598
0.062676,-0.004109
0.062695,-0.004376
0.062715,-0.004211
0.062734,-0.003912
0.062754,-0.003461
0.062773,-0.00305
0.062793,-0.00273
0.062812,-0.002866
0.062832,-0.003651
0.062852,-0.004716
0.062871,-0.005936
0.062891,-0.007023
0.06291,-0.007759
0.06293,-0.008349
0.062949,-0.00852
0.062969,-0.008634
0.062988,-0.008401
0.063008,-0.008223
0.063027,-0.008148
0.063047,-0.008445
0.063066,-0.009114
0.063086,-0.009715
0.063105,-0.010259
0.063125,-0.010772
0.063145,-0.011274
0.063164,-0.011629
0.063184,-0.011683
0.063203,-0.01134
0.063223,-0.010936
0.063242,-0.010403
0.063262,-0.009861
0.063281,-0.009571
0.063301,-0.0096
0.06332,-0.009645
0.06334,-0.009959
0.063359,-0.010158
0.063379,-0.010493
0.063398,-0.010718
0.063418,-0.010592
0.063437,-0.010353
0.063457,-0.010185
0.063477,-0.010104
0.063496,-0.010321
0.063516,-0.010172
0.063535,-0.010379
0.063555,-0.010433
0.063574,-0.010656
0.063594,-0.010624
0.063613,-0.010448
0.063633,-0.009851
0.063652,-0.009534
0.063672,-0.009107
0.063691,-0.009001
0.063711,-0.008809
0.06373,-0.008636
0.06375,-0.008797
0.06377,-0.00887
0.063789,-0.009085
0.063809,-0.009151
0.063828,-0.008772
0.063848,-0.008431
0.063867,-0.007943
0.063887,-0.00802
0.063906,-0.008181
0.063926,-0.008319
0.063945,-0.008734
0.063965,-0.009048
0.063984,-0.009537
0.064004,-0.009634
0.064023,-0.009682
0.064043,-0.009457
0.064062,-0.009286
0.064082,-0.009154
0.064102,-0.009407
0.064121,-0.009546
0.064141,-0.009533
0.06416,-0.009602
0.06418,-0.009722
0.064199,-0.009637
0.064219,-0.009731
0.064238,-0.009706
0.064258,-0.009722
0.064277,-0.009709
0.064297,-0.010012
0.064316,-0.010107
0.064336,-0.010132
0.064355,-0.0102
0.064375,-0.010195
0.064395,-0.010474
0.064414,-0.010725
0.064434,-0.010729
0.064453,-0.010923
0.064473,-0.011416
0.064492,-0.012097
0.064512,-0.012659
0.064531,-0.012962
0.064551,-0.01308
0.06457,-0.012993
0.06459,-0.012626
0.064609,-0.012318
0.064629,-0.011835
0.064648,-0.011629
0.064668,-0.01162
0.064687,-0.012016
0.064707,-0.01257
0.064727,-0.012998
0.064746,-0.013318
0.064766,-0.013711
0.064785,-0.013885
0.064805,-0.013869
0.064824,-0.013564
0.064844,-0.013278
0.064863,-0.012974
0.064883,-0.012805
0.064902,-0.012857
0.064922,-0.013031
0.064941,-0.013534
0.064961,-0.014273
0.06498,-0.015005
0.065,-0.015543
0.06502,-0.015704
0.065039,-0.015518
0.065059,-0.015192
0.065078,-0.014653
0.065098,-0.013857
0.065117,-0.013085
0.065137,-0.012446
0.065156,-0.012287
0.065176,-0.012408
0.065195,-0.012654
0.065215,-0.012672
0.065234,-0.012603
0.065254,-0.012615
0.065273,-0.012506
0.065293,-0.012046
0.065312,-0.011359
0.065332,-0.010723
0.065352,-0.010494
0.065371,-0.01048
0.065391,-0.010488
0.06541,-0.010478
0.06543,-0.010434
0.065449,-0.010617
0.065469,-0.0106
0.065488,-0.010422
0.065508,-0.009792
0.065527,-0.009266
0.065547,-0.00895
0.065566,-0.009016
0.065586,-0.008951
0.065605,-0.008544
0.065625,-0.008477
0.065645,-0.008053
0.065664,-0.007678
0.065684,-0.007242
0.065703,-0.006376
0.065723,-0.005702
0.065742,-0.005348
0.065762,-0.005305
0.065781,-0.005143
0.065801,-0.004919
0.06582,-0.004529
0.06584,-0.004541
0.065859,-0.004546
0.065879,-0.004192
0.065898,-0.003672
0.065918,-0.003297
0.065937,-0.002998
0.065957,-0.002866
0.065977,-0.002584
0.065996,-0.00209
0.066016,-0.001718
0.066035,-0.001404
0.066055,-0.001343
0.066074,-0.000883
0.066094,-0.000328
0.066113,0.000253
0.066133,0.00077
0.066152,0.001195
0.066172,0.001722
0.066191,0.002124
0.066211,0.002845
0.06623,0.003292
0.06625,0.003934
0.06627,0.004363
0.066289,0.004983
0.066309,0.005259
0.066328,0.005373
0.066348,0.005415
0.066367,0.005463
0.066387,0.005845
0.066406,0.006169
0.066426,0.006653
0.066445,0.006925
0.066465,0.00724
0.066484,0.007911
0.066504,0.008255
0.066523,0.008605
0.066543,0.008621
0.066562,0.008682
0.066582,0.008671
0.066602,0.008731
0.066621,0.008654
0.066641,0.008676
0.06666,0.009072
0.06668,0.009801
0.066699,0.010406
0.066719,0.011099
0.066738,0.011583
0.066758,0.011926
0.066777,0.012458
0.066797,0.012399
0.066816,0.012043
0.066836,0.011469
0.066855,0.011219
0.066875,0.011371
0.066895,0.011789
0.066914,0.012135
0.066934,0.012764
0.066953,0.01343
0.066973,0.014226
0.066992,0.014734
0.067012,0.014717
0.067031,0.014525
0.067051,0.014156
0.06707,0.013796
0.06709,0.013656
0.067109,0.013628
0.067129,0.01381
0.067148,0.014229
0.067168,0.015157
0.067187,0.015945
0.067207,0.016402
0.067227,0.01652
0.067246,0.016534
0.067266,0.016369
0.067285,0.016507
0.067305,0.016221
0.067324,0.016022
0.067344,0.016029
0.067363,0.016224
0.067383,0.01653
0.067402,0.016755
0.067422,0.016871
0.067441,0.016982
0.067461,0.017144
0.06748,0.017327
0.0675,0.017566
0.06752,0.017673
0.067539,0.017859
0.067559,0.018082
0.067578,0.018096
0.067598,0.018037
0.067617,0.01813
0.067637,0.018114
0.067656,0.018257
0.067676,0.018358
0.067695,0.018555
0.067715,0.018533
0.067734,0.018776
0.067754,0.019046
0.067773,0.019435
0.067793,0.019581
0.067812,0.019758
0.067832,0.019691
0.067852,0.019762
0.067871,0.01985
0.067891,0.019928
0.06791,0.02009
0.06793,0.020412
0.067949,0.020562
0.067969,0.020761
0.067988,0.020921
0.068008,0.021202
0.068027,0.021486
0.068047,0.021792
0.068066,0.022296
0.068086,0.022572
0.068105,0.022814
0.068125,0.022956
0.068145,0.02296
0.068164,0.02316
0.068184,0.023253
0.068203,0.023218
0.068223,0.023332
0.068242,0.023425
0.068262,0.023442
0.068281,0.023612
0.068301,0.023587
0.06832,0.023626
0.06834,0.023826
0.068359,0.023935
0.068379,0.023848
0.068398,0.023769
0.068418,0.023432
0.068437,0.02313
0.068457,0.022781
0.068477,0.022362
0.068496,0.021901
0.068516,0.021688
0.068535,0.021532
0.068555,0.021665
0.068574,0.021852
0.068594,0.021909
0.068613,0.021658
0.068633,0.021472
0.068652,0.02098
0.068672,0.020308
0.068691,0.01939
0.068711,0.018517
0.06873,0.017813
0.06875,0.01752
0.06877,0.017236
0.068789,0.017215
0.068809,0.017312
0.068828,0.017351
0.068848,0.017184
0.068867,0.016482
0.068887,0.015582
0.068906,0.014276
0.068926,0.013283
0.068945,0.012293
0.068965,0.011502
0.068984,0.011126
0.069004,0.010896
0.069023,0.010556
0.069043,0.010315
0.069062,0.010037
0.069082,0.009445
0.069102,0.008764
0.069121,0.007715
0.069141,0.006806
0.06916,0.005851
0.06918,0.00509
0.069199,0.004423
0.069219,0.003732
0.069238,0.003134
0.069258,0.002669
0.069277,0.002314
0.069297,0.001969
0.069316,0.001456
0.069336,0.000798
0.069355,9.62E-05
0.069375,-0.000448
0.069395,-0.001208
0.069414,-0.002088
0.069434,-0.002881
0.069453,-0.00363
0.069473,-0.004311
0.069492,-0.004899
0.069512,-0.005681
0.069531,-0.006176
0.069551,-0.006589
0.06957,-0.006881
0.06959,-0.007137
0.069609,-0.007746
0.069629,-0.008319
0.069648,-0.008985
0.069668,-0.009522
0.069687,-0.009948
0.069707,-0.010511
0.069727,-0.011036
0.069746,-0.011641
0.069766,-0.012179
0.069785,-0.012414
0.069805,-0.01286
0.069824,-0.013227
0.069844,-0.013574
0.069863,-0.013739
0.069883,-0.013938
0.069902,-0.014246
0.069922,-0.014556
0.069941,-0.015072
0.069961,-0.015453
0.06998,-0.015965
0.07,-0.016508
0.07002,-0.017083
0.070039,-0.017486
0.070059,-0.01776
0.070078,-0.018053
0.070098,-0.018415
0.070117,-0.01875
0.070137,-0.019067
0.070156,-0.019181
0.070176,-0.019475
0.070195,-0.019633
0.070215,-0.01975
0.070234,-0.019886
0.070254,-0.019823
0.070273,-0.019916
0.070293,-0.020268
0.070312,-0.020605
0.070332,-0.020963
0.070352,-0.021065
0.070371,-0.021284
0.070391,-0.021392
0.07041,-0.021392
0.07043,-0.02127
0.070449,-0.02089
0.070469,-0.020734
0.070488,-0.020775
0.070508,-0.021142
0.070527,-0.021715
0.070547,-0.022155
0.070566,-0.022721
0.070586,-0.023131
0.070605,-0.023581
0.070625,-0.023417
0.070645,-0.023078
0.070664,-0.022637
0.070684,-0.022391
0.070703,-0.022413
0.070723,-0.022452
0.070742,-0.022797
0.070762,-0.023237
0.070781,-0.023737
0.070801,-0.02427
0.07082,-0.024562
0.07084,-0.024298
0.070859,-0.023926
0.070879,-0.02382
0.070898,-0.023635
0.070918,-0.023567
0.070937,-0.023323
0.070957,-0.02333
0.070977,-0.023736
0.070996,-0.02434
0.071016,-0.024727
0.071035,-0.02522
0.071055,-0.025369
0.071074,-0.025455
0.071094,-0.025548
0.071113,-0.025463
0.071133,-0.025209
0.071152,-0.024894
0.071172,-0.024882
0.071191,-0.025114
0.071211,-0.025208
0.07123,-0.025338
0.07125,-0.025436
0.07127,-0.025755
0.071289,-0.026231
0.071309,-0.026456
0.071328,-0.026409
0.071348,-0.026238
0.071367,-0.026039
0.071387,-0.025871
0.071406,-0.025765
0.071426,-0.02569
0.071445,-0.025626
0.071465,-0.025782
0.071484,-0.026066
0.071504,-0.026244
0.071523,-0.02642
0.071543,-0.026458
0.071562,-0.026648
0.071582,-0.026709
0.071602,-0.026735
0.071621,-0.026606
0.071641,-0.026301
0.07166,-0.026297
0.07168,-0.02613
0.071699,-0.025826
0.071719,-0.025532
0.071738,-0.025212
0.071758,-0.02515
0.071777,-0.024973
0.071797,-0.025034
0.071816,-0.024888
0.071836,-0.024844
0.071855,-0.024696
0.071875,-0.024609
0.071895,-0.024226
0.071914,-0.023813
0.071934,-0.023302
0.071953,-0.023013
0.071973,-0.022655
0.071992,-0.022371
0.072012,-0.022174
0.072031,-0.021626
0.072051,-0.021344
0.07207,-0.021033
0.07209,-0.020626
0.072109,-0.019988
0.072129,-0.019372
0.072148,-0.018875
0.072168,-0.018445
0.072187,-0.018067
0.072207,-0.017625
0.072227,-0.016992
0.072246,-0.016337
0.072266,-0.015576
0.072285,-0.01466
0.072305,-0.01376
0.072324,-0.012685
0.072344,-0.011849
0.072363,-0.011356
0.072383,-0.01095
0.072402,-0.010473
0.072422,-0.010197
0.072441,-0.009767
0.072461,-0.00922
0.07248,-0.008437
0.0725,-0.007424
0.07252,-0.006227
0.072539,-0.005231
0.072559,-0.004431
0.072578,-0.003752
0.072598,-0.003055
0.072617,-0.002505
0.072637,-0.002166
0.072656,-0.00169
0.072676,-0.00106
0.072695,-0.00026
0.072715,0.00077
0.072734,0.0019
0.072754,0.003171
0.072773,0.004061
0.072793,0.004981
0.072812,0.005854
0.072832,0.006434
0.072852,0.006929
0.072871,0.007254
0.072891,0.007687
0.07291,0.008343
0.07293,0.008913
0.072949,0.009526
0.072969,0.010258
0.072988,0.011146
0.073008,0.012059
0.073027,0.012987
0.073047,0.013516
0.073066,0.014058
0.073086,0.014516
0.073105,0.014834
0.073125,0.015125
0.073145,0.015546
0.073164,0.016105
0.073184,0.016832
0.073203,0.017604
0.073223,0.01857
0.073242,0.019342
0.073262,0.020124
0.073281,0.020714
0.073301,0.02128
0.07332,0.021765
0.07334,0.02205
0.073359,0.02223
0.073379,0.022481
0.073398,0.022869
0.073418,0.023065
0.073437,0.023352
0.073457,0.023833
0.073477,0.024083
0.073496,0.024524
0.073516,0.024881
0.073535,0.02539
0.073555,0.025886
0.073574,0.026314
0.073594,0.026613
0.073613,0.026894
0.073633,0.027045
0.073652,0.027284
0.073672,0.027554
0.073691,0.027781
0.073711,0.02824
0.07373,0.028842
0.07375,0.02944
0.07377,0.030167
0.073789,0.030833
0.073809,0.031453
0.073828,0.031884
0.073848,0.032132
0.073867,0.03244
0.073887,0.032545
0.073906,0.032592
0.073926,0.032954
0.073945,0.033276
0.073965,0.033625
0.073984,0.034086
0.074004,0.034419
0.074023,0.03474
0.074043,0.035121
0.074062,0.035312
0.074082,0.035575
0.074102,0.035883
0.074121,0.036277
0.074141,0.036781
0.07416,0.037295
0.07418,0.037704
0.074199,0.038101
0.074219,0.038424
0.074238,0.038598
0.074258,0.038769
0.074277,0.038999
0.074297,0.039095
0.074316,0.039545
0.074336,0.039979
0.074355,0.040488
0.074375,0.041018
0.074395,0.041514
0.074414,0.042036
0.074434,0.042426
0.074453,0.042543
0.074473,0.042405
0.074492,0.042331
0.074512,0.042406
0.074531,0.042509
0.074551,0.042716
0.07457,0.042915
0.07459,0.043377
0.074609,0.044168
0.074629,0.044728
0.074648,0.045165
0.074668,0.045494
0.074687,0.045664
0.074707,0.045687
0.074727,0.045695
0.074746,0.045655
0.074766,0.045577
0.074785,0.045504
0.074805,0.045817
0.074824,0.046296
0.074844,0.046761
0.074863,0.047092
0.074883,0.047345
0.074902,0.047483
0.074922,0.04741
0.074941,0.046985
0.074961,0.046595
0.07498,0.046097
0.075,0.045907
0.07502,0.045831
0.075039,0.045755
0.075059,0.045523
0.075078,0.045687
0.075098,0.045744
0.075117,0.045743
0.075137,0.045728
0.075156,0.045299
0.075176,0.044779
0.075195,0.044412
0.075215,0.043967
0.075234,0.043407
0.075254,0.043009
0.075273,0.042291
0.075293,0.041902
0.075312,0.041389
0.075332,0.040764
0.075352,0.040243
0.075371,0.039691
0.075391,0.039188
0.07541,0.038552
0.07543,0.03782
0.075449,0.036916
0.075469,0.036006
0.075488,0.034977
0.075508,0.034044
0.075527,0.032923
0.075547,0.031946
0.075566,0.031161
0.075586,0.030471
0.075605,0.029936
0.075625,0.02933
0.075645,0.028608
0.075664,0.027686
0.075684,0.026758
0.075703,0.025769
0.075723,0.024464
0.075742,0.023156
0.075762,0.021836
0.075781,0.02088
0.075801,0.019876
0.07582,0.018887
0.07584,0.017875
0.075859,0.016756
0.075879,0.01585
0.075898,0.014602
0.075918,0.013347
0.075937,0.011899
0.075957,0.010675
0.075977,0.009542
0.075996,0.008428
0.076016,0.007203
0.076035,0.006024
0.076055,0.004772
0.076074,0.003663
0.076094,0.002664
0.076113,0.001502
0.076133,0.000126
0.076152,-0.001046
0.076172,-0.002183
0.076191,-0.003247
0.076211,-0.004269
0.07623,-0.005299
0.07625,-0.006379
0.07627,-0.007631
0.076289,-0.008648
0.076309,-0.009952
0.076328,-0.011282
0.076348,-0.012866
0.076367,-0.014236
0.076387,-0.015381
0.076406,-0.01669
0.076426,-0.017821
0.076445,-0.018925
0.076465,-0.019728
0.076484,-0.020563
0.076504,-0.021384
0.076523,-0.022286
0.076543,-0.02338
0.076562,-0.024351
0.076582,-0.025655
0.076602,-0.026992
0.076621,-0.028208
0.076641,-0.029257
0.07666,-0.030013
0.07668,-0.030556
0.076699,-0.030899
0.076719,-0.031539
0.076738,-0.03209
0.076758,-0.032866
0.076777,-0.033562
0.076797,-0.034484
0.076816,-0.0356
0.076836,-0.036918
0.076855,-0.037934
0.076875,-0.038826
0.076895,-0.039492
0.076914,-0.040125
0.076934,-0.040768
0.076953,-0.041346
0.076973,-0.041713
0.076992,-0.042378
0.077012,-0.043439
0.077031,-0.044307
0.077051,-0.044978
0.07707,-0.045611
0.07709,-0.046548
0.077109,-0.047166
0.077129,-0.047708
0.077148,-0.048219
0.077168,-0.048951
0.077187,-0.049632
0.077207,-0.049994
0.077227,-0.050347
0.077246,-0.050711
0.077266,-0.050881
0.077285,-0.051366
0.077305,-0.05199
0.077324,-0.052507
0.077344,-0.053175
0.077363,-0.053965
0.077383,-0.054452
0.077402,-0.05501
0.077422,-0.055206
0.077441,-0.055499
0.077461,-0.055674
0.07748,-0.055717
0.0775,-0.055931
0.07752,-0.056331
0.077539,-0.056681
0.077559,-0.057077
0.077578,-0.057566
0.077598,-0.058338
0.077617,-0.058741
0.077637,-0.058951
0.077656,-0.059106
0.077676,-0.059331
0.077695,-0.059502
0.077715,-0.059685
0.077734,-0.05983
0.077754,-0.059982
0.077773,-0.060433
0.077793,-0.060799
0.077812,-0.061268
0.077832,-0.06173
0.077852,-0.062069
0.077871,-0.062352
0.077891,-0.06265
0.07791,-0.062871
0.07793,-0.062954
0.077949,-0.063085
0.077969,-0.063118
0.077988,-0.063248
0.078008,-0.063303
0.078027,-0.063486
0.078047,-0.063548
0.078066,-0.063551
0.078086,-0.063627
0.078105,-0.06373
0.078125,-0.063773
0.078145,-0.063626
0.078164,-0.063434
0.078184,-0.063394
0.078203,-0.063549
0.078223,-0.063435
0.078242,-0.063472
0.078262,-0.063374
0.078281,-0.063308
0.078301,-0.062974
0.07832,-0.062546
0.07834,-0.062183
0.078359,-0.061849
0.078379,-0.06132
0.078398,-0.061029
0.078418,-0.060962
0.078437,-0.060982
0.078457,-0.060878
0.078477,-0.060608
0.078496,-0.060228
0.078516,-0.059848
0.078535,-0.05907
0.078555,-0.05811
0.078574,-0.057368
0.078594,-0.056741
0.078613,-0.056029
0.078633,-0.055605
0.078652,-0.055274
0.078672,-0.055032
0.078691,-0.054641
0.078711,-0.05433
0.07873,-0.053819
0.07875,-0.053151
0.07877,-0.052168
0.078789,-0.051166
0.078809,-0.050233
0.078828,-0.049257
0.078848,-0.048441
0.078867,-0.047686
0.078887,-0.046935
0.078906,-0.046286
0.078926,-0.045433
0.078945,-0.044699
0.078965,-0.043906
0.078984,-0.04303
0.079004,-0.042104
0.079023,-0.041157
0.079043,-0.039972
0.079062,-0.038801
0.079082,-0.03764
0.079102,-0.036557
0.079121,-0.035387
0.079141,-0.034134
0.07916,-0.0332
0.07918,-0.032359
0.079199,-0.031482
0.079219,-0.030443
0.079238,-0.029371
0.079258,-0.028311
0.079277,-0.027099
0.079297,-0.025612
0.079316,-0.024302
0.079336,-0.022989
0.079355,-0.021706
0.079375,-0.020372
0.079395,-0.019322
0.079414,-0.018235
0.079434,-0.017101
0.079453,-0.015957
0.079473,-0.014774
0.079492,-0.013574
0.079512,-0.012224
0.079531,-0.010701
0.079551,-0.009316
0.07957,-0.007758
0.07959,-0.006289
0.079609,-0.005103
0.079629,-0.003938
0.079648,-0.002581
0.079668,-0.00147
0.079687,-0.000421
0.079707,0.000582
0.079727,0.001819
0.079746,0.003157
0.079766,0.004309
0.079785,0.005818
0.079805,0.007194
0.079824,0.008509
0.079844,0.00986
0.079863,0.011067
0.079883,0.012213
0.079902,0.013116
0.079922,0.014035
0.079941,0.015233
0.079961,0.016423
0.07998,0.017585
0.08,0.018627
0.08002,0.020014
0.080039,0.021373
0.080059,0.022537
0.080078,0.023526
0.080098,0.024442
0.080117,0.02542
0.080137,0.026464
0.080156,0.027603
0.080176,0.028693
0.080195,0.029882
0.080215,0.030962
0.080234,0.032148
0.080254,0.03316
0.080273,0.034002
0.080293,0.034865
0.080312,0.035849
0.080332,0.03679
0.080352,0.037738
0.080371,0.038901
0.080391,0.040033
0.08041,0.041207
0.08043,0.042545
0.080449,0.043932
0.080469,0.045127
0.080488,0.046081
0.080508,0.046812
0.080527,0.047545
0.080547,0.048319
0.080566,0.0493
0.080586,0.050351
0.080605,0.051352
0.080625,0.052514
0.080645,0.05396
0.080664,0.055136
0.080684,0.056154
0.080703,0.057244
0.080723,0.058313
0.080742,0.059305
0.080762,0.060156
0.080781,0.060825
0.080801,0.061649
0.08082,0.062577
0.08084,0.063679
0.080859,0.064647
0.080879,0.065806
0.080898,0.066946
0.080918,0.06825
0.080937,0.069369
0.080957,0.070517
0.080977,0.071405
0.080996,0.072427
0.081016,0.073161
0.081035,0.073893
0.081055,0.074641
0.081074,0.075356
0.081094,0.076172
0.081113,0.076918
0.081133,0.077846
0.081152,0.078846
0.081172,0.079602
0.081191,0.08038
0.081211,0.081423
0.08123,0.082396
0.08125,0.083003
0.08127,0.083454
0.081289,0.083829
0.081309,0.084377
0.081328,0.084996
0.081348,0.085586
0.081367,0.08606
0.081387,0.086686
0.081406,0.087411
0.081426,0.088181
0.081445,0.088937
0.081465,0.089324
0.081484,0.089738
0.081504,0.089947
0.081523,0.090236
0.081543,0.090314
0.081562,0.090219
0.081582,0.090238
0.081602,0.090417
0.081621,0.090668
0.081641,0.091158
0.08166,0.09148
0.08168,0.091614
0.081699,0.091716
0.081719,0.091963
0.081738,0.09178
0.081758,0.091458
0.081777,0.091086
0.081797,0.090835
0.081816,0.090833
0.081836,0.090826
0.081855,0.090667
0.081875,0.09052
0.081895,0.090463
0.081914,0.090327
0.081934,0.089995
0.081953,0.089445
0.081973,0.08899
0.081992,0.088531
0.082012,0.087865
0.082031,0.08748
0.082051,0.086827
0.08207,0.086036
0.08209,0.085506
0.082109,0.084713
0.082129,0.083907
0.082148,0.082969
0.082168,0.081913
0.082187,0.08095
0.082207,0.080075
0.082227,0.079226
0.082246,0.07824
0.082266,0.077316
0.082285,0.07646
0.082305,0.075337
0.082324,0.074364
0.082344,0.073133
0.082363,0.071736
0.082383,0.070494
0.082402,0.069372
0.082422,0.068026
0.082441,0.066867
0.082461,0.065668
0.08248,0.06448
0.0825,0.063599
0.08252,0.062505
0.082539,0.061222
0.082559,0.060083
0.082578,0.058601
0.082598,0.057261
0.082617,0.055858
0.082637,0.054168
0.082656,0.052455
0.082676,0.051035
0.082695,0.049783
0.082715,0.048626
0.082734,0.047375
0.082754,0.046096
0.082773,0.044871
0.082793,0.043825
0.082812,0.04244
0.082832,0.040861
0.082852,0.039471
0.082871,0.037806
0.082891,0.036253
0.08291,0.034806
0.08293,0.033381
0.082949,0.031819
0.082969,0.03035
0.082988,0.029306
0.083008,0.027987
0.083027,0.026741
0.083047,0.025263
0.083066,0.023817
0.083086,0.022608
0.083105,0.021242
0.083125,0.019705
0.083145,0.018156
0.083164,0.016671
0.083184,0.015139
0.083203,0.013677
0.083223,0.012282
0.083242,0.010971
0.083262,0.00989
0.083281,0.008746
0.083301,0.0077
0.08332,0.006627
0.08334,0.005435
0.083359,0.004079
0.083379,0.002587
0.083398,0.001129
0.083418,-0.000381
0.083437,-0.001767
0.083457,-0.003123
0.083477,-0.004189
0.083496,-0.005155
0.083516,-0.006077
0.083535,-0.007216
0.083555,-0.008467
0.083574,-0.009565
0.083594,-0.010794
0.083613,-0.012338
0.083633,-0.013846
0.083652,-0.015269
0.083672,-0.016368
0.083691,-0.017531
0.083711,-0.0188
0.08373,-0.019813
0.08375,-0.020575
0.08377,-0.021691
0.083789,-0.022754
0.083809,-0.023925
0.083828,-0.025088
0.083848,-0.026466
0.083867,-0.027873
0.083887,-0.028964
0.083906,-0.029992
0.083926,-0.031134
0.083945,-0.032407
0.083965,-0.033536
0.083984,-0.034783
0.084004,-0.035716
0.084023,-0.036859
0.084043,-0.038058
0.084062,-0.039209
0.084082,-0.040347
0.084102,-0.041314
0.084121,-0.042071
0.084141,-0.043001
0.08416,-0.04411
0.08418,-0.045142
0.084199,-0.045833
0.084219,-0.046747
0.084238,-0.048141
0.084258,-0.049247
0.084277,-0.049923
0.084297,-0.050821
0.084316,-0.051993
0.084336,-0.052748
0.084355,-0.053268
0.084375,-0.054035
0.084395,-0.055103
0.084414,-0.055868
0.084434,-0.056697
0.084453,-0.057757
0.084473,-0.058822
0.084492,-0.059808
0.084512,-0.060801
0.084531,-0.061735
0.084551,-0.062396
0.08457,-0.063024
0.08459,-0.063839
0.084609,-0.064482
0.084629,-0.06491
0.084648,-0.065543
0.084668,-0.066362
0.084687,-0.067128
0.084707,-0.067606
0.084727,-0.068301
0.084746,-0.069455
0.084766,-0.070182
0.084785,-0.070387
0.084805,-0.071047
0.084824,-0.071531
0.084844,-0.071913
0.084863,-0.072118
0.084883,-0.07247
0.084902,-0.073111
0.084922,-0.073515
0.084941,-0.073876
0.084961,-0.074495
0.08498,-0.075004
0.085,-0.075366
0.08502,-0.075865
0.085039,-0.076345
0.085059,-0.076833
0.085078,-0.076958
0.085098,-0.077075
0.085117,-0.076923
0.085137,-0.076774
0.085156,-0.076684
0.085176,-0.07666
0.085195,-0.076672
0.085215,-0.077159
0.085234,-0.077492
0.085254,-0.07778
0.085273,-0.077572
0.085293,-0.077449
0.085312,-0.077031
0.085332,-0.076923
0.085352,-0.07641
0.085371,-0.075949
0.085391,-0.075015
0.08541,-0.074996
0.08543,-0.073221
0.085449,-0.074556
0.085469,-0.076829
0.085488,-0.079808
0.085508,-0.079808
0.085527,-0.076742
0.085547,-0.073424
0.085566,-0.071899
0.085586,-0.069088
0.085605,-0.066715
0.085625,-0.067235
0.085645,-0.071896
0.085664,-0.074942
0.085684,-0.073413
0.085703,-0.069973
0.085723,-0.072111
0.085742,-0.073753
0.085762,-0.070138
0.085781,-0.06651
0.085801,-0.069619
0.08582,-0.073314
0.08584,-0.073617
0.085859,-0.070449
0.085879,-0.069294
0.085898,-0.070834
0.085918,-0.07153
0.085937,-0.069253
0.085957,-0.066417
0.085977,-0.065329
0.085996,-0.066773
0.086016,-0.068646
0.086035,-0.069515
0.086055,-0.070192
0.086074,-0.06904
0.086094,-0.066531
0.086113,-0.066075
0.086133,-0.066895
0.086152,-0.066728
0.086172,-0.063524
0.086191,-0.061757
0.086211,-0.063387
0.08623,-0.06585
0.08625,-0.063086
0.08627,-0.057919
0.086289,-0.054076
0.086309,-0.055941
0.086328,-0.058172
0.086348,-0.056976
0.086367,-0.053238
0.086387,-0.053089
0.086406,-0.055082
0.086426,-0.056143
0.086445,-0.05347
0.086465,-0.049956
0.086484,-0.047708
0.086504,-0.047934
0.086523,-0.047715
0.086543,-0.046522
0.086562,-0.045058
0.086582,-0.041961
0.086602,-0.040794
0.086621,-0.041029
0.086641,-0.039769
0.08666,-0.038201
0.08668,-0.035601
0.086699,-0.033512
0.086719,-0.0342
0.086738,-0.034731
0.086758,-0.033621
0.086777,-0.03116
0.086797,-0.028371
0.086816,-0.026318
0.086836,-0.026149
0.086855,-0.024702
0.086875,-0.023713
0.086895,-0.024444
0.086914,-0.026266
0.086934,-0.024428
0.086953,-0.020723
0.086973,-0.016714
0.086992,-0.016326
0.087012,-0.017158
0.087031,-0.01656
0.087051,-0.016741
0.08707,-0.018971
0.08709,-0.019331
0.087109,-0.017865
0.087129,-0.015625
0.087148,-0.014351
0.087168,-0.012636
0.087187,-0.010051
0.087207,-0.006758
0.087227,-0.005343
0.087246,-0.004614
0.087266,-0.004748
0.087285,-0.006383
0.087305,-0.009213
0.087324,-0.010822
0.087344,-0.00879
0.087363,-0.005154
0.087383,-0.002722
0.087402,-0.001972
0.087422,-0.000583
0.087441,0.001542
0.087461,0.002703
0.08748,0.002824
0.0875,0.002982
0.08752,0.004119
0.087539,0.005854
0.087559,0.005857
0.087578,0.006205
0.087598,0.007167
0.087617,0.008007
0.087637,0.009421
0.087656,0.011381
0.087676,0.01368
0.087695,0.014283
0.087715,0.014649
0.087734,0.015987
0.087754,0.018563
0.087773,0.021249
0.087793,0.02276
0.087812,0.02269
0.087832,0.024721
0.087852,0.028193
0.087871,0.030753
0.087891,0.030318
0.08791,0.028905
0.08793,0.030339
0.087949,0.033499
0.087969,0.034816
0.087988,0.035395
0.088008,0.035407
0.088027,0.036534
0.088047,0.037638
0.088066,0.038695
0.088086,0.039337
0.088105,0.041148
0.088125,0.043265
0.088145,0.0452
0.088164,0.045914
0.088184,0.045831
0.088203,0.046357
0.088223,0.049383
0.088242,0.050758
0.088262,0.05134
0.088281,0.052463
0.088301,0.053921
0.08832,0.055346
0.08834,0.056308
0.088359,0.057199
0.088379,0.058336
0.088398,0.058778
0.088418,0.059538
0.088437,0.060736
0.088457,0.060969
0.088477,0.060805
0.088496,0.061112
0.088516,0.06124
0.088535,0.06006
0.088555,0.058695
0.088574,0.057452
0.088594,0.05835
0.088613,0.060755
0.088633,0.061717
0.088652,0.062137
0.088672,0.063083
0.088691,0.064023
0.088711,0.062737
0.08873,0.06163
0.08875,0.062597
0.08877,0.064057
0.088789,0.064653
0.088809,0.064301
0.088828,0.064837
0.088848,0.065907
0.088867,0.06625
0.088887,0.065263
0.088906,0.063686
0.088926,0.063166
0.088945,0.061698
0.088965,0.05942
0.088984,0.05771
0.089004,0.058469
0.089023,0.060536
0.089043,0.061958
0.089062,0.061655
0.089082,0.060421
0.089102,0.059254
0.089121,0.057951
0.089141,0.056492
0.08916,0.054588
0.08918,0.053704
0.089199,0.053879
0.089219,0.054107
0.089238,0.055561
0.089258,0.057618
0.089277,0.058371
0.089297,0.058061
0.089316,0.058004
0.089336,0.0583
0.089355,0.057957
0.089375,0.056286
0.089395,0.05442
0.089414,0.053181
0.089434,0.052289
0.089453,0.05086
0.089473,0.049963
0.089492,0.050443
0.089512,0.051051
0.089531,0.050781
0.089551,0.049687
0.08957,0.048826
0.08959,0.048082
0.089609,0.047416
0.089629,0.047091
0.089648,0.046012
0.089668,0.044611
0.089687,0.043561
0.089707,0.043005
0.089727,0.042655
0.089746,0.043038
0.089766,0.043439
0.089785,0.043942
0.089805,0.043172
0.089824,0.042361
0.089844,0.041587
0.089863,0.041606
0.089883,0.041509
0.089902,0.041202
0.089922,0.040245
0.089941,0.040041
0.089961,0.039089
0.08998,0.037643
0.09,0.03572
0.09002,0.034622
0.090039,0.033057
0.090059,0.031357
0.090078,0.03036
0.090098,0.030087
0.090117,0.029418
0.090137,0.028794
0.090156,0.027923
0.090176,0.027597
0.090195,0.026826
0.090215,0.025785
0.090234,0.025206
0.090254,0.026021
0.090273,0.027353
0.090293,0.027917
0.090312,0.02755
0.090332,0.027257
0.090352,0.026591
0.090371,0.025491
0.090391,0.024299
0.09041,0.022899
0.09043,0.022174
0.090449,0.02239
0.090469,0.022164
0.090488,0.021571
0.090508,0.021497
0.090527,0.021863
0.090547,0.021086
0.090566,0.019113
0.090586,0.016706
0.090605,0.015264
0.090625,0.014328
0.090645,0.013247
0.090664,0.013506
0.090684,0.014448
0.090703,0.015684
0.090723,0.015693
0.090742,0.014771
0.090762,0.013735
0.090781,0.013375
0.090801,0.012476
0.09082,0.011471
0.09084,0.011041
0.090859,0.011584
0.090879,0.01211
0.090898,0.012479
0.090918,0.011598
0.090937,0.010236
0.090957,0.008435
0.090977,0.006662
0.090996,0.005097
0.091016,0.0034
0.091035,0.002277
0.091055,0.001335
0.091074,2.83E-05
0.091094,-0.00024
0.091113,0.000354
0.091133,0.001845
0.091152,0.002091
0.091172,0.001699
0.091191,0.001132
0.091211,0.001201
0.09123,0.000358
0.09125,-0.000953
0.09127,-0.002126
0.091289,-0.002025
0.091309,-0.002079
0.091328,-0.00238
0.091348,-0.002395
0.091367,-0.001784
0.091387,-0.001403
0.091406,-0.0015
0.091426,-0.001406
0.091445,-0.002245
0.091465,-0.003987
0.091484,-0.006283
0.091504,-0.008751
0.091523,-0.009977
0.091543,-0.010498
0.091562,-0.011461
0.091582,-0.012243
0.091602,-0.011939
0.091621,-0.011145
0.091641,-0.010961
0.09166,-0.011871
0.09168,-0.013059
0.091699,-0.013205
0.091719,-0.012861
0.091738,-0.012625
0.091758,-0.01282
0.091777,-0.012989
0.091797,-0.012871
0.091816,-0.012833
0.091836,-0.01397
0.091855,-0.015173
0.091875,-0.015752
0.091895,-0.016106
0.091914,-0.016415
0.091934,-0.016671
0.091953,-0.016599
0.091973,-0.016912
0.091992,-0.018207
0.092012,-0.019316
0.092031,-0.020451
0.092051,-0.021331
0.09207,-0.022832
0.09209,-0.024104
0.092109,-0.024783
0.092129,-0.02453
0.092148,-0.023986
0.092168,-0.023772
0.092187,-0.023652
0.092207,-0.023126
0.092227,-0.023578
0.092246,-0.024417
0.092266,-0.024958
0.092285,-0.024444
0.092305,-0.023036
0.092324,-0.022021
0.092344,-0.021369
0.092363,-0.020678
0.092383,-0.019718
0.092402,-0.019799
0.092422,-0.021176
0.092441,-0.023062
0.092461,-0.024997
0.09248,-0.02571
0.0925,-0.025571
0.09252,-0.025482
0.092539,-0.025462
0.092559,-0.025226
0.092578,-0.025199
0.092598,-0.025234
0.092617,-0.02584
0.092637,-0.026163
0.092656,-0.026565
0.092676,-0.026178
0.092695,-0.025534
0.092715,-0.025458
0.092734,-0.025571
0.092754,-0.024924
0.092773,-0.023162
0.092793,-0.021999
0.092812,-0.021798
0.092832,-0.021945
0.092852,-0.022588
0.092871,-0.022901
0.092891,-0.022827
0.09291,-0.022989
0.09293,-0.023113
0.092949,-0.02355
0.092969,-0.023301
0.092988,-0.022949
0.093008,-0.022789
0.093027,-0.023474
0.093047,-0.02422
0.093066,-0.024615
0.093086,-0.02491
0.093105,-0.025719
0.093125,-0.026513
0.093145,-0.027308
0.093164,-0.026764
0.093184,-0.025913
0.093203,-0.024145
0.093223,-0.022546
0.093242,-0.021279
0.093262,-0.020146
0.093281,-0.018794
0.093301,-0.018635
0.09332,-0.019343
0.09334,-0.020693
0.093359,-0.021615
0.093379,-0.021899
0.093398,-0.021248
0.093418,-0.020736
0.093437,-0.020344
0.093457,-0.019943
0.093477,-0.019627
0.093496,-0.019552
0.093516,-0.019808
0.093535,-0.020503
0.093555,-0.020545
0.093574,-0.020558
0.093594,-0.02051
0.093613,-0.020977
0.093633,-0.021611
0.093652,-0.021243
0.093672,-0.020142
0.093691,-0.019616
0.093711,-0.019599
0.09373,-0.019325
0.09375,-0.018473
0.09377,-0.017551
0.093789,-0.016431
0.093809,-0.016044
0.093828,-0.015522
0.093848,-0.015072
0.093867,-0.01531
0.093887,-0.015941
0.093906,-0.017024
0.093926,-0.017456
0.093945,-0.01736
0.093965,-0.017093
0.093984,-0.01685
0.094004,-0.01649
0.094023,-0.015663
0.094043,-0.014965
0.094062,-0.014918
0.094082,-0.01525
0.094102,-0.016012
0.094121,-0.016606
0.094141,-0.016353
0.09416,-0.01483
0.09418,-0.01334
0.094199,-0.012528
0.094219,-0.012162
0.094238,-0.011148
0.094258,-0.010208
0.094277,-0.009571
0.094297,-0.009733
0.094316,-0.00959
0.094336,-0.009049
0.094355,-0.008112
0.094375,-0.007928
0.094395,-0.007749
0.094414,-0.00704
0.094434,-0.005854
0.094453,-0.005161
0.094473,-0.004864
0.094492,-0.005661
0.094512,-0.006604
0.094531,-0.006924
0.094551,-0.006952
0.09457,-0.007196
0.09459,-0.007338
0.094609,-0.006717
0.094629,-0.005509
0.094648,-0.004686
0.094668,-0.00356
0.094687,-0.002821
0.094707,-0.002038
0.094727,-0.001454
0.094746,-0.000737
0.094766,-0.00049
0.094785,-0.000219
0.094805,0.000324
0.094824,0.001164
0.094844,0.002177
0.094863,0.003037
0.094883,0.003525
0.094902,0.003944
0.094922,0.004083
0.094941,0.004004
0.094961,0.00317
0.09498,0.00216
0.095,0.001368
0.09502,0.001059
0.095039,0.001451
0.095059,0.002448
0.095078,0.003777
0.095098,0.004799
0.095117,0.00529
0.095137,0.004779
0.095156,0.004442
0.095176,0.004155
0.095195,0.003902
0.095215,0.003818
0.095234,0.004303
0.095254,0.004728
0.095273,0.00535
0.095293,0.006186
0.095312,0.007561
0.095332,0.008634
0.095352,0.009339
0.095371,0.008809
0.095391,0.00797
0.09541,0.007517
0.09543,0.007161
0.095449,0.006587
0.095469,0.005554
0.095488,0.004725
0.095508,0.004368
0.095527,0.003864
0.095547,0.003319
0.095566,0.002653
0.095586,0.002609
0.095605,0.002743
0.095625,0.003087
0.095645,0.002875
0.095664,0.002428
0.095684,0.002269
0.095703,0.002069
0.095723,0.001483
0.095742,0.000336
0.095762,-0.000906
0.095781,-0.001559
0.095801,-0.001444
0.09582,-0.000666
0.09584,-0.000325
0.095859,-0.000464
0.095879,-0.000562
0.095898,-0.000882
0.095918,-0.00149
0.095937,-0.00226
0.095957,-0.003036
0.095977,-0.003907
0.095996,-0.004726
0.096016,-0.005109
0.096035,-0.005718
0.096055,-0.006151
0.096074,-0.006088
0.096094,-0.005555
0.096113,-0.005212
0.096133,-0.005023
0.096152,-0.005624
0.096172,-0.006114
0.096191,-0.006536
0.096211,-0.006686
0.09623,-0.006935
0.09625,-0.007086
0.09627,-0.007223
0.096289,-0.00708
0.096309,-0.006943
0.096328,-0.006703
0.096348,-0.006972
0.096367,-0.007371
0.096387,-0.008051
0.096406,-0.008699
0.096426,-0.009519
0.096445,-0.010471
0.096465,-0.010962
0.096484,-0.011046
0.096504,-0.011054
0.096523,-0.011257
0.096543,-0.011699
0.096562,-0.012279
0.096582,-0.012601
0.096602,-0.013298
0.096621,-0.014578
0.096641,-0.016199
0.09666,-0.017379
0.09668,-0.017697
0.096699,-0.017074
0.096719,-0.01667
0.096738,-0.016215
0.096758,-0.016004
0.096777,-0.016139
0.096797,-0.017003
0.096816,-0.018311
0.096836,-0.019341
0.096855,-0.019708
0.096875,-0.019838
0.096895,-0.020237
0.096914,-0.020482
0.096934,-0.020451
0.096953,-0.020295
0.096973,-0.020099
0.096992,-0.020468
0.097012,-0.02117
0.097031,-0.022431
0.097051,-0.023323
0.09707,-0.023986
0.09709,-0.023844
0.097109,-0.023413
0.097129,-0.023005
0.097148,-0.022318
0.097168,-0.02161
0.097187,-0.020857
0.097207,-0.020447
0.097227,-0.020463
0.097246,-0.020446
0.097266,-0.020419
0.097285,-0.020131
0.097305,-0.020016
0.097324,-0.020054
0.097344,-0.019819
0.097363,-0.019343
0.097383,-0.018699
0.097402,-0.018432
0.097422,-0.018384
0.097441,-0.018182
0.097461,-0.017513
0.09748,-0.016511
0.0975,-0.016163
0.09752,-0.016311
0.097539,-0.016721
0.097559,-0.017151
0.097578,-0.017431
0.097598,-0.017628
0.097617,-0.017344
0.097637,-0.016939
0.097656,-0.016052
0.097676,-0.015241
0.097695,-0.014467
0.097715,-0.013735
0.097734,-0.012809
0.097754,-0.012142
0.097773,-0.011743
0.097793,-0.01185
0.097812,-0.011973
0.097832,-0.012176
0.097852,-0.012288
0.097871,-0.012215
0.097891,-0.01169
0.09791,-0.011222
0.09793,-0.010606
0.097949,-0.009975
0.097969,-0.009329
0.097988,-0.009092
0.098008,-0.008745
0.098027,-0.008708
0.098047,-0.008905
0.098066,-0.009472
0.098086,-0.009949
0.098105,-0.009881
0.098125,-0.009397
0.098145,-0.009025
0.098164,-0.008553
0.098184,-0.008051
0.098203,-0.007172
0.098223,-0.006538
0.098242,-0.006012
0.098262,-0.006125
0.098281,-0.006583
0.098301,-0.007176
0.09832,-0.007505
0.09834,-0.007187
0.098359,-0.006325
0.098379,-0.005493
0.098398,-0.004564
0.098418,-0.004253
0.098437,-0.004408
0.098457,-0.005044
0.098477,-0.00557
0.098496,-0.005634
0.098516,-0.005492
0.098535,-0.005332
0.098555,-0.005057
0.098574,-0.00443
0.098594,-0.003955
0.098613,-0.003312
0.098633,-0.002688
0.098652,-0.002287
0.098672,-0.002552
0.098691,-0.003099
0.098711,-0.0034
0.09873,-0.003304
0.09875,-0.002531
0.09877,-0.001337
0.098789,-0.000354
0.098809,0.001076
0.098828,0.002094
0.098848,0.002836
0.098867,0.003039
0.098887,0.003254
0.098906,0.003459
0.098926,0.003935
0.098945,0.004089
0.098965,0.004719
0.098984,0.005437
0.099004,0.006353
0.099023,0.007205
0.099043,0.007922
0.099062,0.008346
0.099082,0.009087
0.099102,0.009312
0.099121,0.009855
0.099141,0.010167
0.09916,0.0108
0.09918,0.011299
0.099199,0.01183
0.099219,0.012398
0.099238,0.012963
0.099258,0.014092
0.099277,0.015072
0.099297,0.015986
0.099316,0.016723
0.099336,0.017089
0.099355,0.01753
0.099375,0.017861
0.099395,0.01803
0.099414,0.018081
0.099434,0.018122
0.099453,0.018199
0.099473,0.018411
0.099492,0.019007
0.099512,0.019528
0.099531,0.020045
0.099551,0.020613
0.09957,0.021116
0.09959,0.021814
0.099609,0.022281
0.099629,0.022176
0.099648,0.022343
0.099668,0.022326
0.099687,0.022374
0.099707,0.022392
0.099727,0.022538
0.099746,0.023129
0.099766,0.024143
0.099785,0.025332
0.099805,0.026339
0.099824,0.026965
0.099844,0.027527
0.099863,0.02796
0.099883,0.028315
0.099902,0.028438
0.099922,0.027878
0.099941,0.02715
0.099961,0.026408
0.09998,0.026411
0.1,0.027002